Transaction ID,Age,Quantity,Price per Unit,Total Amount,Gender_Female,Gender_Male,Product Category_Beauty,Product Category_Clothing,Product Category_Electronics
-1.7303196219213355,-0.5405647624976612,0.4292649784144711,-0.685122651503544,-0.5467043030084185,0.0,1.0,1.0,0.0,0.0
-1.7268555185741457,-1.125591561737554,-0.45399629404328795,1.6884641771714488,0.9719187609038553,1.0,0.0,0.0,1.0,0.0
-1.7233914152269558,0.6294888359821245,-1.337257566501047,-0.7906153994446548,-0.7610981473254455,0.0,1.0,0.0,0.0,1.0
-1.719927311879766,-0.3211797127827014,-1.337257566501047,1.6884641771714488,0.07861107624957653,0.0,1.0,0.0,1.0,0.0
-1.7164632085325762,-0.8330781621176077,-0.45399629404328795,-0.685122651503544,-0.6360350714738464,0.0,1.0,1.0,0.0,0.0
-1.7129991051853863,0.26384708645719146,-1.337257566501047,-0.7906153994446548,-0.7610981473254455,1.0,0.0,1.0,0.0,0.0
-1.7095350018381965,0.3369754363621781,-0.45399629404328795,-0.8169885864299324,-0.7253658399392744,0.0,1.0,0.0,1.0,0.0
-1.7060708984910065,-0.8330781621176077,1.3125262508722302,-0.8169885864299324,-0.6360350714738464,0.0,1.0,0.0,0.0,1.0
-1.7026067951438166,1.5801573847469503,-0.45399629404328795,0.6335366977603409,0.25727261318043226,0.0,1.0,0.0,0.0,1.0
-1.6991426917966268,0.7757455357920977,1.3125262508722302,-0.685122651503544,-0.45737353454299073,1.0,0.0,0.0,1.0,0.0
-1.695678588449437,-1.344976611452514,-0.45399629404328795,-0.685122651503544,-0.6360350714738464,0.0,1.0,0.0,1.0,0.0
-1.6922144851022471,-0.4674364125926746,0.4292649784144711,-0.8169885864299324,-0.6807004557065603,0.0,1.0,1.0,0.0,0.0
-1.6887503817550573,-1.4181049613575005,0.4292649784144711,1.6884641771714488,1.865226445558134,0.0,1.0,0.0,0.0,1.0
-1.6852862784078675,1.653285734651937,1.3125262508722302,-0.7906153994446548,-0.6003027640876754,0.0,1.0,0.0,1.0,0.0
-1.6818221750606774,0.044462036742231634,1.3125262508722302,1.6884641771714488,2.758534130212413,1.0,0.0,0.0,0.0,1.0
-1.6783580717134876,-1.6374900110724604,0.4292649784144711,1.6884641771714488,1.865226445558134,0.0,1.0,0.0,1.0,0.0
-1.6748939683662978,-1.0524632118325674,1.3125262508722302,-0.8169885864299324,-0.6360350714738464,1.0,0.0,0.0,1.0,0.0
-1.671429865019108,0.41010378626716465,-0.45399629404328795,-0.8169885864299324,-0.7253658399392744,1.0,0.0,0.0,0.0,1.0
-1.6679657616719181,1.5070290348419637,-0.45399629404328795,-0.8169885864299324,-0.7253658399392744,1.0,0.0,0.0,1.0,0.0
-1.6645016583247283,-1.4181049613575005,0.4292649784144711,0.6335366977603409,0.7932572239729995,0.0,1.0,0.0,1.0,0.0
-1.6610375549775385,0.6294888359821245,-1.337257566501047,1.6884641771714488,0.07861107624957653,1.0,0.0,1.0,0.0,0.0
-1.6575734516303484,-1.710618360977447,-0.45399629404328795,-0.685122651503544,-0.6360350714738464,0.0,1.0,0.0,1.0,0.0
-1.6541093482831586,-0.4674364125926746,1.3125262508722302,-0.7906153994446548,-0.6003027640876754,1.0,0.0,0.0,1.0,0.0
-1.6506452449359688,0.5563604860771378,-1.337257566501047,0.6335366977603409,-0.27871199761213494,1.0,0.0,0.0,1.0,0.0
-1.647181141588779,1.653285734651937,-1.337257566501047,-0.685122651503544,-0.7253658399392744,1.0,0.0,1.0,0.0,0.0
-1.643717038241589,-0.9793348619275809,-0.45399629404328795,1.6884641771714488,0.9719187609038553,1.0,0.0,0.0,0.0,1.0
-1.6402529348943993,-0.2480513628777148,-0.45399629404328795,-0.8169885864299324,-0.7253658399392744,1.0,0.0,1.0,0.0,0.0
-1.6367888315472092,0.11759038664721824,-1.337257566501047,1.6884641771714488,0.07861107624957653,1.0,0.0,1.0,0.0,0.0
-1.6333247282000194,0.044462036742231634,-1.337257566501047,-0.7906153994446548,-0.7610981473254455,1.0,0.0,0.0,0.0,1.0
-1.6298606248528296,-0.1749230129727282,0.4292649784144711,0.6335366977603409,0.7932572239729995,1.0,0.0,1.0,0.0,0.0
-1.6263965215056397,0.19071873655220484,1.3125262508722302,0.6335366977603409,1.3292418347655668,0.0,1.0,0.0,0.0,1.0
-1.62293241815845,-0.8330781621176077,0.4292649784144711,-0.7906153994446548,-0.653901225166932,0.0,1.0,1.0,0.0,0.0
-1.61946831481126,0.6294888359821245,-0.45399629404328795,-0.685122651503544,-0.6360350714738464,1.0,0.0,0.0,0.0,1.0
-1.6160042114640703,0.7026171858871111,0.4292649784144711,-0.685122651503544,-0.5467043030084185,1.0,0.0,0.0,1.0,0.0
-1.6125401081168802,1.2145156352220174,0.4292649784144711,0.6335366977603409,0.7932572239729995,1.0,0.0,1.0,0.0,0.0
-1.6090760047696904,0.7757455357920977,0.4292649784144711,0.6335366977603409,0.7932572239729995,0.0,1.0,1.0,0.0,0.0
-1.6056119014225005,-1.710618360977447,0.4292649784144711,-0.8169885864299324,-0.6807004557065603,1.0,0.0,1.0,0.0,0.0
-1.6021477980753107,-0.2480513628777148,1.3125262508722302,-0.685122651503544,-0.45737353454299073,0.0,1.0,1.0,0.0,0.0
-1.5986836947281209,-1.344976611452514,1.3125262508722302,-0.7906153994446548,-0.6003027640876754,0.0,1.0,0.0,1.0,0.0
-1.595219591380931,0.26384708645719146,-1.337257566501047,-0.685122651503544,-0.7253658399392744,0.0,1.0,1.0,0.0,0.0
-1.5917554880337412,-0.5405647624976612,-0.45399629404328795,-0.8169885864299324,-0.7253658399392744,0.0,1.0,0.0,1.0,0.0
-1.5882913846865512,-1.4181049613575005,0.4292649784144711,0.6335366977603409,0.7932572239729995,0.0,1.0,0.0,1.0,0.0
-1.5848272813393613,0.48323213617215127,-1.337257566501047,0.6335366977603409,-0.27871199761213494,1.0,0.0,0.0,1.0,0.0
-1.5813631779921715,-1.4181049613575005,-1.337257566501047,-0.8169885864299324,-0.7700312241719883,1.0,0.0,0.0,1.0,0.0
-1.5778990746449817,0.9951305855070576,-1.337257566501047,-0.7906153994446548,-0.7610981473254455,1.0,0.0,0.0,0.0,1.0
-1.5744349712977919,-1.5643616611674738,1.3125262508722302,0.6335366977603409,1.3292418347655668,1.0,0.0,0.0,0.0,1.0
-1.570970867950602,-0.10179466306774158,0.4292649784144711,1.6884641771714488,1.865226445558134,1.0,0.0,1.0,0.0,0.0
-1.5675067646034122,0.922002235602071,0.4292649784144711,0.6335366977603409,0.7932572239729995,0.0,1.0,0.0,0.0,1.0
-1.5640426612562222,0.922002235602071,-0.45399629404328795,1.6884641771714488,0.9719187609038553,1.0,0.0,0.0,0.0,1.0
-1.5605785579090323,-1.0524632118325674,0.4292649784144711,-0.8169885864299324,-0.6807004557065603,1.0,0.0,1.0,0.0,0.0
-1.5571144545618425,-1.0524632118325674,0.4292649784144711,-0.8169885864299324,-0.6807004557065603,0.0,1.0,1.0,0.0,0.0
-1.5536503512146527,-0.39430806268768803,-1.337257566501047,0.6335366977603409,-0.27871199761213494,1.0,0.0,1.0,0.0,0.0
-1.5501862478674628,-0.5405647624976612,-0.45399629404328795,-0.685122651503544,-0.6360350714738464,0.0,1.0,0.0,0.0,1.0
-1.546722144520273,-0.2480513628777148,0.4292649784144711,1.6884641771714488,1.865226445558134,1.0,0.0,0.0,0.0,1.0
-1.5432580411730832,-0.759949812212621,1.3125262508722302,-0.7906153994446548,-0.6003027640876754,0.0,1.0,1.0,0.0,0.0
-1.5397939378258931,-1.125591561737554,0.4292649784144711,0.6335366977603409,0.7932572239729995,1.0,0.0,0.0,1.0,0.0
-1.5363298344787033,1.5801573847469503,-1.337257566501047,-0.7906153994446548,-0.7610981473254455,1.0,0.0,1.0,0.0,0.0
-1.5328657311315135,-1.710618360977447,1.3125262508722302,0.6335366977603409,1.3292418347655668,0.0,1.0,0.0,1.0,0.0
-1.5294016277843236,1.5070290348419637,-1.337257566501047,-0.685122651503544,-0.7253658399392744,0.0,1.0,0.0,1.0,0.0
-1.5259375244371338,-0.8330781621176077,0.4292649784144711,-0.685122651503544,-0.5467043030084185,0.0,1.0,1.0,0.0,0.0
-1.522473421089944,-1.4912333112624871,1.3125262508722302,-0.685122651503544,-0.45737353454299073,0.0,1.0,1.0,0.0,0.0
-1.5190093177427542,-1.710618360977447,-0.45399629404328795,-0.685122651503544,-0.6360350714738464,0.0,1.0,1.0,0.0,0.0
-1.515545214395564,1.1413872853170308,-0.45399629404328795,-0.8169885864299324,-0.7253658399392744,0.0,1.0,0.0,0.0,1.0
-1.5120811110483743,0.5563604860771378,1.3125262508722302,-0.8169885864299324,-0.6360350714738464,0.0,1.0,0.0,1.0,0.0
-1.5086170077011845,0.7026171858871111,1.3125262508722302,1.6884641771714488,2.758534130212413,0.0,1.0,0.0,0.0,1.0
-1.5051529043539946,0.26384708645719146,-1.337257566501047,-0.7906153994446548,-0.7610981473254455,1.0,0.0,0.0,0.0,1.0
-1.5016888010068048,0.48323213617215127,1.3125262508722302,0.6335366977603409,1.3292418347655668,1.0,0.0,1.0,0.0,0.0
-1.498224697659615,-1.1987199116425407,-1.337257566501047,0.6335366977603409,-0.27871199761213494,0.0,1.0,0.0,0.0,1.0
-1.4947605943124251,1.0682589354120442,0.4292649784144711,-0.8169885864299324,-0.6807004557065603,1.0,0.0,1.0,0.0,0.0
-1.491296490965235,0.11759038664721824,-1.337257566501047,0.6335366977603409,-0.27871199761213494,1.0,0.0,0.0,1.0,0.0
-1.4878323876180453,0.7026171858871111,1.3125262508722302,-0.8169885864299324,-0.6360350714738464,1.0,0.0,1.0,0.0,0.0
-1.4843682842708554,-1.5643616611674738,1.3125262508722302,1.6884641771714488,2.758534130212413,1.0,0.0,0.0,0.0,1.0
-1.4809041809236656,-0.9062065120225943,0.4292649784144711,-0.7906153994446548,-0.653901225166932,0.0,1.0,0.0,0.0,1.0
-1.4774400775764758,-1.710618360977447,1.3125262508722302,1.6884641771714488,2.758534130212413,1.0,0.0,1.0,0.0,0.0
-1.473975974229286,1.433900684936977,1.3125262508722302,-0.685122651503544,-0.45737353454299073,0.0,1.0,1.0,0.0,0.0
-1.470511870882096,-1.4181049613575005,-0.45399629404328795,-0.685122651503544,-0.6360350714738464,1.0,0.0,0.0,0.0,1.0
-1.467047767534906,0.41010378626716465,-0.45399629404328795,-0.685122651503544,-0.6360350714738464,1.0,0.0,0.0,1.0,0.0
-1.4635836641877162,0.41010378626716465,0.4292649784144711,1.6884641771714488,1.865226445558134,1.0,0.0,0.0,1.0,0.0
-1.4601195608405264,-0.5405647624976612,-1.337257566501047,0.6335366977603409,-0.27871199761213494,0.0,1.0,1.0,0.0,0.0
-1.4566554574933366,1.653285734651937,-0.45399629404328795,-0.7906153994446548,-0.7074996862461888,1.0,0.0,0.0,1.0,0.0
-1.4531913541461468,-0.10179466306774158,-1.337257566501047,-0.685122651503544,-0.7253658399392744,0.0,1.0,0.0,0.0,1.0
-1.449727250798957,-0.6868214623076344,1.3125262508722302,-0.685122651503544,-0.45737353454299073,1.0,0.0,1.0,0.0,0.0
-1.4462631474517669,0.922002235602071,-0.45399629404328795,-0.685122651503544,-0.6360350714738464,0.0,1.0,0.0,0.0,1.0
-1.442799044104577,-0.2480513628777148,0.4292649784144711,-0.7906153994446548,-0.653901225166932,1.0,0.0,0.0,0.0,1.0
-1.4393349407573872,-0.759949812212621,0.4292649784144711,-0.685122651503544,-0.5467043030084185,0.0,1.0,0.0,1.0,0.0
-1.4358708374101974,-1.6374900110724604,0.4292649784144711,-0.7906153994446548,-0.653901225166932,0.0,1.0,1.0,0.0,0.0
-1.4324067340630076,-0.9793348619275809,-0.45399629404328795,-0.685122651503544,-0.6360350714738464,1.0,0.0,1.0,0.0,0.0
-1.4289426307158177,1.0682589354120442,-1.337257566501047,1.6884641771714488,0.07861107624957653,0.0,1.0,0.0,1.0,0.0
-1.425478527368628,0.9951305855070576,1.3125262508722302,1.6884641771714488,2.758534130212413,1.0,0.0,0.0,0.0,1.0
-1.4220144240214379,0.7026171858871111,-1.337257566501047,-0.7906153994446548,-0.7610981473254455,1.0,0.0,0.0,0.0,1.0
-1.418550320674248,0.9951305855070576,-1.337257566501047,1.6884641771714488,0.07861107624957653,1.0,0.0,0.0,0.0,1.0
-1.4150862173270582,0.7026171858871111,1.3125262508722302,-0.7906153994446548,-0.6003027640876754,1.0,0.0,0.0,0.0,1.0
-1.4116221139798684,-0.4674364125926746,1.3125262508722302,1.6884641771714488,2.758534130212413,1.0,0.0,1.0,0.0,0.0
-1.4081580106326785,0.41010378626716465,-0.45399629404328795,1.6884641771714488,0.9719187609038553,1.0,0.0,1.0,0.0,0.0
-1.4046939072854887,-0.6868214623076344,-0.45399629404328795,-0.7906153994446548,-0.7074996862461888,1.0,0.0,0.0,1.0,0.0
-1.4012298039382989,0.19071873655220484,-0.45399629404328795,0.6335366977603409,0.25727261318043226,1.0,0.0,0.0,1.0,0.0
-1.3977657005911088,0.7026171858871111,-0.45399629404328795,1.6884641771714488,0.9719187609038553,1.0,0.0,1.0,0.0,0.0
-1.394301597243919,0.9951305855070576,-0.45399629404328795,-0.685122651503544,-0.6360350714738464,1.0,0.0,1.0,0.0,0.0
-1.3908374938967292,0.6294888359821245,1.3125262508722302,0.6335366977603409,1.3292418347655668,1.0,0.0,0.0,0.0,1.0
-1.3873733905495393,-0.02866631316275497,-1.337257566501047,-0.7906153994446548,-0.7610981473254455,0.0,1.0,0.0,0.0,1.0
-1.3839092872023495,-0.6868214623076344,-0.45399629404328795,0.6335366977603409,0.25727261318043226,0.0,1.0,0.0,1.0,0.0
-1.3804451838551597,0.41010378626716465,-0.45399629404328795,-0.8169885864299324,-0.7253658399392744,1.0,0.0,1.0,0.0,0.0
-1.3769810805079699,1.287643985127004,-1.337257566501047,-0.8169885864299324,-0.7700312241719883,1.0,0.0,0.0,1.0,0.0
-1.3735169771607798,-0.5405647624976612,-0.45399629404328795,1.6884641771714488,0.9719187609038553,1.0,0.0,1.0,0.0,0.0
-1.37005287381359,-1.4181049613575005,-1.337257566501047,1.6884641771714488,0.07861107624957653,1.0,0.0,0.0,0.0,1.0
-1.3665887704664001,0.3369754363621781,-1.337257566501047,-0.685122651503544,-0.7253658399392744,1.0,0.0,0.0,1.0,0.0
-1.3631246671192103,-1.4912333112624871,1.3125262508722302,0.6335366977603409,1.3292418347655668,1.0,0.0,0.0,1.0,0.0
-1.3596605637720205,-1.0524632118325674,0.4292649784144711,-0.8169885864299324,-0.6807004557065603,1.0,0.0,1.0,0.0,0.0
-1.3561964604248307,-0.5405647624976612,1.3125262508722302,1.6884641771714488,2.758534130212413,1.0,0.0,0.0,0.0,1.0
-1.3527323570776408,-1.0524632118325674,0.4292649784144711,0.6335366977603409,0.7932572239729995,0.0,1.0,0.0,1.0,0.0
-1.3492682537304508,-0.5405647624976612,0.4292649784144711,1.6884641771714488,1.865226445558134,1.0,0.0,0.0,0.0,1.0
-1.345804150383261,-0.3211797127827014,0.4292649784144711,1.6884641771714488,1.865226445558134,0.0,1.0,0.0,1.0,0.0
-1.3423400470360711,-0.02866631316275497,-0.45399629404328795,-0.8169885864299324,-0.7253658399392744,1.0,0.0,0.0,0.0,1.0
-1.3388759436888813,-1.4181049613575005,1.3125262508722302,-0.8169885864299324,-0.6360350714738464,1.0,0.0,1.0,0.0,0.0
-1.3354118403416915,0.7026171858871111,0.4292649784144711,1.6884641771714488,1.865226445558134,0.0,1.0,0.0,1.0,0.0
-1.3319477369945016,-1.344976611452514,-1.337257566501047,-0.7906153994446548,-0.7610981473254455,1.0,0.0,0.0,1.0,0.0
-1.3284836336473116,-1.6374900110724604,-0.45399629404328795,1.6884641771714488,0.9719187609038553,0.0,1.0,0.0,0.0,1.0
-1.3250195303001218,-0.8330781621176077,1.3125262508722302,1.6884641771714488,2.758534130212413,1.0,0.0,0.0,0.0,1.0
-1.321555426952932,1.3607723350319905,0.4292649784144711,-0.685122651503544,-0.5467043030084185,1.0,0.0,0.0,1.0,0.0
-1.318091323605742,1.3607723350319905,-1.337257566501047,-0.685122651503544,-0.7253658399392744,0.0,1.0,1.0,0.0,0.0
-1.3146272202585523,-0.9793348619275809,1.3125262508722302,-0.685122651503544,-0.45737353454299073,1.0,0.0,0.0,0.0,1.0
-1.3111631169113624,1.653285734651937,1.3125262508722302,-0.7906153994446548,-0.6003027640876754,0.0,1.0,0.0,0.0,1.0
-1.3076990135641726,-0.10179466306774158,-0.45399629404328795,-0.7906153994446548,-0.7074996862461888,1.0,0.0,0.0,0.0,1.0
-1.3042349102169826,-0.6136931124026478,1.3125262508722302,1.6884641771714488,2.758534130212413,0.0,1.0,0.0,1.0,0.0
-1.3007708068697927,0.48323213617215127,-0.45399629404328795,-0.685122651503544,-0.6360350714738464,0.0,1.0,0.0,1.0,0.0
-1.297306703522603,-0.9793348619275809,0.4292649784144711,-0.7906153994446548,-0.653901225166932,1.0,0.0,0.0,1.0,0.0
-1.293842600175413,-0.6136931124026478,-0.45399629404328795,-0.8169885864299324,-0.7253658399392744,1.0,0.0,0.0,1.0,0.0
-1.2903784968282233,-1.1987199116425407,-1.337257566501047,1.6884641771714488,0.07861107624957653,0.0,1.0,1.0,0.0,0.0
-1.2869143934810334,-1.4912333112624871,-0.45399629404328795,0.6335366977603409,0.25727261318043226,1.0,0.0,1.0,0.0,0.0
-1.2834502901338436,1.1413872853170308,-1.337257566501047,1.6884641771714488,0.07861107624957653,1.0,0.0,0.0,1.0,0.0
-1.2799861867866535,-1.4912333112624871,-0.45399629404328795,0.6335366977603409,0.25727261318043226,1.0,0.0,1.0,0.0,0.0
-1.2765220834394637,0.044462036742231634,1.3125262508722302,-0.685122651503544,-0.45737353454299073,0.0,1.0,0.0,0.0,1.0
-1.2730579800922739,-1.5643616611674738,0.4292649784144711,0.6335366977603409,0.7932572239729995,0.0,1.0,0.0,0.0,1.0
-1.269593876745084,0.5563604860771378,-1.337257566501047,-0.685122651503544,-0.7253658399392744,0.0,1.0,0.0,0.0,1.0
-1.2661297733978942,-1.5643616611674738,-0.45399629404328795,-0.8169885864299324,-0.7253658399392744,0.0,1.0,0.0,1.0,0.0
-1.2626656700507044,0.19071873655220484,-0.45399629404328795,0.6335366977603409,0.25727261318043226,0.0,1.0,0.0,0.0,1.0
-1.2592015667035146,0.3369754363621781,-0.45399629404328795,1.6884641771714488,0.9719187609038553,0.0,1.0,1.0,0.0,0.0
-1.2557374633563245,0.5563604860771378,1.3125262508722302,-0.685122651503544,-0.45737353454299073,0.0,1.0,0.0,1.0,0.0
-1.2522733600091347,-0.39430806268768803,1.3125262508722302,1.6884641771714488,2.758534130212413,0.0,1.0,1.0,0.0,0.0
-1.2488092566619449,-0.2480513628777148,-1.337257566501047,-0.7906153994446548,-0.7610981473254455,0.0,1.0,0.0,0.0,1.0
-1.245345153314755,-1.4181049613575005,-1.337257566501047,-0.685122651503544,-0.7253658399392744,1.0,0.0,0.0,0.0,1.0
-1.2418810499675652,-0.4674364125926746,1.3125262508722302,0.6335366977603409,1.3292418347655668,0.0,1.0,0.0,0.0,1.0
-1.2384169466203754,0.26384708645719146,-1.337257566501047,-0.685122651503544,-0.7253658399392744,1.0,0.0,0.0,1.0,0.0
-1.2349528432731856,1.287643985127004,0.4292649784144711,1.6884641771714488,1.865226445558134,1.0,0.0,1.0,0.0,0.0
-1.2314887399259955,-0.1749230129727282,0.4292649784144711,-0.8169885864299324,-0.6807004557065603,1.0,0.0,0.0,1.0,0.0
-1.2280246365788057,-0.2480513628777148,1.3125262508722302,-0.685122651503544,-0.45737353454299073,0.0,1.0,0.0,1.0,0.0
-1.2245605332316158,-1.344976611452514,-1.337257566501047,0.6335366977603409,-0.27871199761213494,0.0,1.0,0.0,0.0,1.0
-1.221096429884426,-1.710618360977447,-0.45399629404328795,-0.7906153994446548,-0.7074996862461888,0.0,1.0,0.0,1.0,0.0
-1.2176323265372362,-1.4181049613575005,0.4292649784144711,-0.8169885864299324,-0.6807004557065603,0.0,1.0,0.0,1.0,0.0
-1.2141682231900464,1.2145156352220174,1.3125262508722302,-0.7906153994446548,-0.6003027640876754,1.0,0.0,0.0,0.0,1.0
-1.2107041198428565,-0.9062065120225943,-1.337257566501047,-0.685122651503544,-0.7253658399392744,0.0,1.0,0.0,1.0,0.0
-1.2072400164956665,0.11759038664721824,1.3125262508722302,1.6884641771714488,2.758534130212413,0.0,1.0,0.0,0.0,1.0
-1.2037759131484767,1.5801573847469503,-0.45399629404328795,1.6884641771714488,0.9719187609038553,0.0,1.0,0.0,0.0,1.0
-1.2003118098012868,0.7026171858871111,0.4292649784144711,0.6335366977603409,0.7932572239729995,0.0,1.0,0.0,0.0,1.0
-1.196847706454097,-0.759949812212621,1.3125262508722302,1.6884641771714488,2.758534130212413,0.0,1.0,0.0,0.0,1.0
-1.1933836031069072,0.11759038664721824,1.3125262508722302,-0.8169885864299324,-0.6360350714738464,1.0,0.0,0.0,1.0,0.0
-1.1899194997597173,1.5070290348419637,1.3125262508722302,1.6884641771714488,2.758534130212413,0.0,1.0,0.0,0.0,1.0
-1.1864553964125275,0.19071873655220484,-0.45399629404328795,0.6335366977603409,0.25727261318043226,1.0,0.0,0.0,0.0,1.0
-1.1829912930653375,-1.125591561737554,1.3125262508722302,-0.685122651503544,-0.45737353454299073,0.0,1.0,0.0,1.0,0.0
-1.1795271897181476,0.11759038664721824,-0.45399629404328795,-0.685122651503544,-0.6360350714738464,1.0,0.0,0.0,1.0,0.0
-1.1760630863709578,1.653285734651937,-0.45399629404328795,1.6884641771714488,0.9719187609038553,0.0,1.0,1.0,0.0,0.0
-1.172598983023768,-0.1749230129727282,-0.45399629404328795,-0.7906153994446548,-0.7074996862461888,0.0,1.0,0.0,1.0,0.0
-1.1691348796765781,1.653285734651937,0.4292649784144711,-0.685122651503544,-0.5467043030084185,1.0,0.0,0.0,1.0,0.0
-1.1656707763293883,0.41010378626716465,0.4292649784144711,1.6884641771714488,1.865226445558134,1.0,0.0,1.0,0.0,0.0
-1.1622066729821983,1.3607723350319905,1.3125262508722302,0.6335366977603409,1.3292418347655668,1.0,0.0,0.0,1.0,0.0
-1.1587425696350084,-0.5405647624976612,1.3125262508722302,1.6884641771714488,2.758534130212413,0.0,1.0,0.0,1.0,0.0
-1.1552784662878186,0.11759038664721824,0.4292649784144711,-0.685122651503544,-0.5467043030084185,1.0,0.0,0.0,1.0,0.0
-1.1518143629406288,0.8488738856970843,-1.337257566501047,0.6335366977603409,-0.27871199761213494,0.0,1.0,0.0,1.0,0.0
-1.148350259593439,-1.710618360977447,0.4292649784144711,1.6884641771714488,1.865226445558134,0.0,1.0,1.0,0.0,0.0
-1.1448861562462491,-1.1987199116425407,-0.45399629404328795,-0.8169885864299324,-0.7253658399392744,1.0,0.0,0.0,1.0,0.0
-1.1414220528990593,0.7757455357920977,0.4292649784144711,0.6335366977603409,0.7932572239729995,1.0,0.0,0.0,1.0,0.0
-1.1379579495518692,-0.6868214623076344,-0.45399629404328795,-0.8169885864299324,-0.7253658399392744,0.0,1.0,1.0,0.0,0.0
-1.1344938462046794,1.653285734651937,1.3125262508722302,-0.7906153994446548,-0.6003027640876754,0.0,1.0,0.0,0.0,1.0
-1.1310297428574896,-0.1749230129727282,-1.337257566501047,0.6335366977603409,-0.27871199761213494,1.0,0.0,1.0,0.0,0.0
-1.1275656395102998,-0.759949812212621,1.3125262508722302,-0.8169885864299324,-0.6360350714738464,1.0,0.0,0.0,0.0,1.0
-1.12410153616311,0.11759038664721824,-0.45399629404328795,-0.685122651503544,-0.6360350714738464,1.0,0.0,1.0,0.0,0.0
-1.12063743281592,0.26384708645719146,-0.45399629404328795,-0.685122651503544,-0.6360350714738464,0.0,1.0,1.0,0.0,0.0
-1.1171733294687303,-0.10179466306774158,-0.45399629404328795,-0.7906153994446548,-0.7074996862461888,0.0,1.0,0.0,1.0,0.0
-1.1137092261215402,-0.759949812212621,-1.337257566501047,0.6335366977603409,-0.27871199761213494,0.0,1.0,0.0,0.0,1.0
-1.1102451227743504,-0.02866631316275497,0.4292649784144711,0.6335366977603409,0.7932572239729995,0.0,1.0,0.0,1.0,0.0
-1.1067810194271606,-1.6374900110724604,1.3125262508722302,0.6335366977603409,1.3292418347655668,0.0,1.0,0.0,0.0,1.0
-1.1033169160799707,1.5070290348419637,1.3125262508722302,-0.7906153994446548,-0.6003027640876754,0.0,1.0,1.0,0.0,0.0
-1.099852812732781,0.11759038664721824,0.4292649784144711,0.6335366977603409,0.7932572239729995,1.0,0.0,1.0,0.0,0.0
-1.096388709385591,-0.759949812212621,1.3125262508722302,-0.685122651503544,-0.45737353454299073,0.0,1.0,0.0,0.0,1.0
-1.0929246060384012,-1.2718482615475273,-1.337257566501047,-0.8169885864299324,-0.7700312241719883,0.0,1.0,0.0,1.0,0.0
-1.0894605026912112,-1.5643616611674738,1.3125262508722302,-0.685122651503544,-0.45737353454299073,0.0,1.0,0.0,1.0,0.0
-1.0859963993440214,1.653285734651937,-0.45399629404328795,-0.685122651503544,-0.6360350714738464,1.0,0.0,0.0,1.0,0.0
-1.0825322959968315,-0.10179466306774158,0.4292649784144711,-0.8169885864299324,-0.6807004557065603,0.0,1.0,0.0,1.0,0.0
-1.0790681926496417,1.5801573847469503,-1.337257566501047,-0.685122651503544,-0.7253658399392744,0.0,1.0,1.0,0.0,0.0
-1.0756040893024519,1.3607723350319905,0.4292649784144711,-0.7906153994446548,-0.653901225166932,1.0,0.0,1.0,0.0,0.0
-1.072139985955262,1.653285734651937,-1.337257566501047,-0.8169885864299324,-0.7700312241719883,0.0,1.0,1.0,0.0,0.0
-1.0686758826080722,1.5070290348419637,-0.45399629404328795,-0.685122651503544,-0.6360350714738464,0.0,1.0,1.0,0.0,0.0
-1.0652117792608822,-0.4674364125926746,0.4292649784144711,1.6884641771714488,1.865226445558134,0.0,1.0,1.0,0.0,0.0
-1.0617476759136923,0.9951305855070576,1.3125262508722302,-0.685122651503544,-0.45737353454299073,0.0,1.0,0.0,1.0,0.0
-1.0582835725665025,0.7757455357920977,-1.337257566501047,-0.7906153994446548,-0.7610981473254455,0.0,1.0,0.0,1.0,0.0
-1.0548194692193127,-0.6868214623076344,0.4292649784144711,0.6335366977603409,0.7932572239729995,1.0,0.0,0.0,1.0,0.0
-1.0513553658721229,0.044462036742231634,1.3125262508722302,-0.685122651503544,-0.45737353454299073,1.0,0.0,0.0,1.0,0.0
-1.047891262524933,0.922002235602071,0.4292649784144711,0.6335366977603409,0.7932572239729995,1.0,0.0,1.0,0.0,0.0
-1.0444271591777432,0.26384708645719146,0.4292649784144711,1.6884641771714488,1.865226445558134,0.0,1.0,1.0,0.0,0.0
-1.0409630558305532,-1.0524632118325674,0.4292649784144711,-0.685122651503544,-0.5467043030084185,0.0,1.0,1.0,0.0,0.0
-1.0374989524833633,1.0682589354120442,-1.337257566501047,-0.8169885864299324,-0.7700312241719883,0.0,1.0,0.0,0.0,1.0
-1.0340348491361735,-0.5405647624976612,1.3125262508722302,0.6335366977603409,1.3292418347655668,1.0,0.0,0.0,1.0,0.0
-1.0305707457889837,1.0682589354120442,-0.45399629404328795,1.6884641771714488,0.9719187609038553,0.0,1.0,0.0,1.0,0.0
-1.0271066424417938,-0.1749230129727282,-1.337257566501047,-0.8169885864299324,-0.7700312241719883,0.0,1.0,1.0,0.0,0.0
-1.023642539094604,0.11759038664721824,-1.337257566501047,-0.8169885864299324,-0.7700312241719883,1.0,0.0,0.0,1.0,0.0
-1.0201784357474142,1.433900684936977,-1.337257566501047,-0.8169885864299324,-0.7700312241719883,0.0,1.0,0.0,1.0,0.0
-1.0167143324002241,0.044462036742231634,-0.45399629404328795,-0.8169885864299324,-0.7253658399392744,1.0,0.0,1.0,0.0,0.0
-1.0132502290530343,-0.5405647624976612,1.3125262508722302,-0.685122651503544,-0.45737353454299073,1.0,0.0,0.0,0.0,1.0
-1.0097861257058445,-0.8330781621176077,1.3125262508722302,-0.685122651503544,-0.45737353454299073,1.0,0.0,0.0,0.0,1.0
-1.0063220223586546,-0.3211797127827014,1.3125262508722302,-0.685122651503544,-0.45737353454299073,0.0,1.0,0.0,0.0,1.0
-1.0028579190114648,0.044462036742231634,0.4292649784144711,1.6884641771714488,1.865226445558134,0.0,1.0,1.0,0.0,0.0
-0.9993938156642749,-1.4912333112624871,0.4292649784144711,1.6884641771714488,1.865226445558134,0.0,1.0,0.0,1.0,0.0
-0.995929712317085,-1.0524632118325674,0.4292649784144711,1.6884641771714488,1.865226445558134,0.0,1.0,1.0,0.0,0.0
-0.9924656089698952,-1.5643616611674738,-0.45399629404328795,-0.7906153994446548,-0.7074996862461888,0.0,1.0,1.0,0.0,0.0
-0.9890015056227053,1.2145156352220174,0.4292649784144711,1.6884641771714488,1.865226445558134,0.0,1.0,0.0,1.0,0.0
-0.9855374022755155,1.5070290348419637,-0.45399629404328795,-0.685122651503544,-0.6360350714738464,0.0,1.0,0.0,0.0,1.0
-0.9820732989283256,-0.4674364125926746,1.3125262508722302,-0.685122651503544,-0.45737353454299073,1.0,0.0,0.0,0.0,1.0
-0.9786091955811357,1.653285734651937,0.4292649784144711,-0.7906153994446548,-0.653901225166932,0.0,1.0,1.0,0.0,0.0
-0.9751450922339459,0.8488738856970843,0.4292649784144711,-0.7906153994446548,-0.653901225166932,1.0,0.0,0.0,0.0,1.0
-0.971680988886756,1.653285734651937,-1.337257566501047,1.6884641771714488,0.07861107624957653,0.0,1.0,1.0,0.0,0.0
-0.9682168855395662,-0.1749230129727282,-0.45399629404328795,0.6335366977603409,0.25727261318043226,0.0,1.0,1.0,0.0,0.0
-0.9647527821923763,0.7026171858871111,1.3125262508722302,-0.7906153994446548,-0.6003027640876754,0.0,1.0,0.0,1.0,0.0
-0.9612886788451864,1.653285734651937,-1.337257566501047,-0.8169885864299324,-0.7700312241719883,1.0,0.0,0.0,1.0,0.0
-0.9578245754979966,-1.1987199116425407,-1.337257566501047,-0.685122651503544,-0.7253658399392744,1.0,0.0,0.0,1.0,0.0
-0.9543604721508067,1.1413872853170308,1.3125262508722302,-0.8169885864299324,-0.6360350714738464,1.0,0.0,1.0,0.0,0.0
-0.9508963688036168,1.433900684936977,-1.337257566501047,-0.685122651503544,-0.7253658399392744,1.0,0.0,0.0,1.0,0.0
-0.947432265456427,-0.39430806268768803,-0.45399629404328795,-0.685122651503544,-0.6360350714738464,0.0,1.0,0.0,0.0,1.0
-0.9439681621092372,1.287643985127004,-0.45399629404328795,-0.7906153994446548,-0.7074996862461888,1.0,0.0,0.0,0.0,1.0
-0.9405040587620472,1.2145156352220174,0.4292649784144711,-0.7906153994446548,-0.653901225166932,0.0,1.0,1.0,0.0,0.0
-0.9370399554148574,0.922002235602071,-1.337257566501047,-0.8169885864299324,-0.7700312241719883,0.0,1.0,1.0,0.0,0.0
-0.9335758520676676,-1.344976611452514,0.4292649784144711,-0.685122651503544,-0.5467043030084185,1.0,0.0,0.0,1.0,0.0
-0.9301117487204776,0.11759038664721824,-1.337257566501047,-0.8169885864299324,-0.7700312241719883,1.0,0.0,1.0,0.0,0.0
-0.9266476453732878,0.7026171858871111,-0.45399629404328795,0.6335366977603409,0.25727261318043226,1.0,0.0,1.0,0.0,0.0
-0.923183542026098,1.5070290348419637,-0.45399629404328795,-0.8169885864299324,-0.7253658399392744,1.0,0.0,0.0,0.0,1.0
-0.9197194386789082,-1.344976611452514,-0.45399629404328795,1.6884641771714488,0.9719187609038553,1.0,0.0,0.0,0.0,1.0
-0.9162553353317182,0.922002235602071,-1.337257566501047,-0.8169885864299324,-0.7700312241719883,1.0,0.0,0.0,1.0,0.0
-0.9127912319845284,0.6294888359821245,-0.45399629404328795,1.6884641771714488,0.9719187609038553,1.0,0.0,1.0,0.0,0.0
-0.9093271286373386,-0.1749230129727282,-1.337257566501047,1.6884641771714488,0.07861107624957653,1.0,0.0,1.0,0.0,0.0
-0.9058630252901486,-0.2480513628777148,0.4292649784144711,1.6884641771714488,1.865226445558134,0.0,1.0,0.0,0.0,1.0
-0.9023989219429588,-1.344976611452514,-1.337257566501047,0.6335366977603409,-0.27871199761213494,1.0,0.0,1.0,0.0,0.0
-0.898934818595769,-1.344976611452514,0.4292649784144711,-0.8169885864299324,-0.6807004557065603,1.0,0.0,0.0,0.0,1.0
-0.895470715248579,-1.4912333112624871,-1.337257566501047,-0.8169885864299324,-0.7700312241719883,0.0,1.0,0.0,1.0,0.0
-0.8920066119013892,0.41010378626716465,0.4292649784144711,0.6335366977603409,0.7932572239729995,1.0,0.0,0.0,0.0,1.0
-0.8885425085541994,-0.9793348619275809,-0.45399629404328795,-0.685122651503544,-0.6360350714738464,0.0,1.0,1.0,0.0,0.0
-0.8850784052070095,0.41010378626716465,0.4292649784144711,-0.7906153994446548,-0.653901225166932,0.0,1.0,0.0,1.0,0.0
-0.8816143018598196,0.48323213617215127,-0.45399629404328795,-0.8169885864299324,-0.7253658399392744,1.0,0.0,0.0,0.0,1.0
-0.8781501985126298,-0.02866631316275497,-0.45399629404328795,-0.7906153994446548,-0.7074996862461888,0.0,1.0,0.0,0.0,1.0
-0.8746860951654399,-1.125591561737554,0.4292649784144711,0.6335366977603409,0.7932572239729995,0.0,1.0,0.0,1.0,0.0
-0.87122199181825,-1.5643616611674738,-1.337257566501047,-0.685122651503544,-0.7253658399392744,0.0,1.0,0.0,1.0,0.0
-0.8677578884710602,0.48323213617215127,-1.337257566501047,-0.685122651503544,-0.7253658399392744,0.0,1.0,0.0,0.0,1.0
-0.8642937851238703,1.1413872853170308,1.3125262508722302,-0.685122651503544,-0.45737353454299073,1.0,0.0,1.0,0.0,0.0
-0.8608296817766805,0.922002235602071,-1.337257566501047,0.6335366977603409,-0.27871199761213494,0.0,1.0,0.0,0.0,1.0
-0.8573655784294906,0.8488738856970843,1.3125262508722302,1.6884641771714488,2.758534130212413,1.0,0.0,0.0,1.0,0.0
-0.8539014750823007,-0.02866631316275497,-1.337257566501047,1.6884641771714488,0.07861107624957653,0.0,1.0,0.0,0.0,1.0
-0.8504373717351109,0.48323213617215127,-1.337257566501047,-0.7906153994446548,-0.7610981473254455,0.0,1.0,0.0,1.0,0.0
-0.846973268387921,-1.344976611452514,-0.45399629404328795,1.6884641771714488,0.9719187609038553,0.0,1.0,0.0,1.0,0.0
-0.8435091650407311,-1.6374900110724604,1.3125262508722302,1.6884641771714488,2.758534130212413,0.0,1.0,1.0,0.0,0.0
-0.8400450616935413,-0.3211797127827014,-1.337257566501047,-0.685122651503544,-0.7253658399392744,1.0,0.0,0.0,1.0,0.0
-0.8365809583463515,0.26384708645719146,1.3125262508722302,-0.685122651503544,-0.45737353454299073,1.0,0.0,0.0,1.0,0.0
-0.8331168549991615,-0.9793348619275809,-0.45399629404328795,-0.7906153994446548,-0.7074996862461888,0.0,1.0,1.0,0.0,0.0
-0.8296527516519717,-1.4912333112624871,-0.45399629404328795,-0.8169885864299324,-0.7253658399392744,0.0,1.0,0.0,1.0,0.0
-0.8261886483047819,-0.6868214623076344,1.3125262508722302,-0.7906153994446548,-0.6003027640876754,1.0,0.0,1.0,0.0,0.0
-0.822724544957592,-1.344976611452514,-0.45399629404328795,-0.7906153994446548,-0.7074996862461888,0.0,1.0,1.0,0.0,0.0
-0.8192604416104021,0.41010378626716465,0.4292649784144711,0.6335366977603409,0.7932572239729995,0.0,1.0,0.0,1.0,0.0
-0.8157963382632123,0.9951305855070576,0.4292649784144711,0.6335366977603409,0.7932572239729995,0.0,1.0,0.0,1.0,0.0
-0.8123322349160224,-1.6374900110724604,-0.45399629404328795,-0.7906153994446548,-0.7074996862461888,1.0,0.0,0.0,0.0,1.0
-0.8088681315688325,-0.6868214623076344,0.4292649784144711,-0.7906153994446548,-0.653901225166932,1.0,0.0,1.0,0.0,0.0
-0.8054040282216427,-0.9793348619275809,-1.337257566501047,-0.7906153994446548,-0.7610981473254455,1.0,0.0,0.0,0.0,1.0
-0.8019399248744529,-1.1987199116425407,1.3125262508722302,1.6884641771714488,2.758534130212413,0.0,1.0,0.0,1.0,0.0
-0.7984758215272629,0.11759038664721824,-1.337257566501047,0.6335366977603409,-0.27871199761213494,0.0,1.0,0.0,0.0,1.0
-0.7950117181800731,1.5070290348419637,1.3125262508722302,-0.7906153994446548,-0.6003027640876754,1.0,0.0,1.0,0.0,0.0
-0.7915476148328833,1.433900684936977,-0.45399629404328795,-0.685122651503544,-0.6360350714738464,1.0,0.0,0.0,0.0,1.0
-0.7880835114856933,-1.4181049613575005,-1.337257566501047,-0.685122651503544,-0.7253658399392744,1.0,0.0,1.0,0.0,0.0
-0.7846194081385035,-1.344976611452514,-0.45399629404328795,1.6884641771714488,0.9719187609038553,1.0,0.0,0.0,1.0,0.0
-0.7811553047913137,0.11759038664721824,-0.45399629404328795,1.6884641771714488,0.9719187609038553,0.0,1.0,0.0,1.0,0.0
-0.7776912014441238,-1.4912333112624871,1.3125262508722302,-0.8169885864299324,-0.6360350714738464,1.0,0.0,1.0,0.0,0.0
-0.7742270980969339,-0.39430806268768803,1.3125262508722302,-0.8169885864299324,-0.6360350714738464,0.0,1.0,0.0,1.0,0.0
-0.7707629947497441,-0.3211797127827014,1.3125262508722302,-0.8169885864299324,-0.6360350714738464,1.0,0.0,0.0,1.0,0.0
-0.7672988914025543,0.6294888359821245,-1.337257566501047,1.6884641771714488,0.07861107624957653,0.0,1.0,0.0,1.0,0.0
-0.7638347880553643,-0.3211797127827014,0.4292649784144711,1.6884641771714488,1.865226445558134,1.0,0.0,0.0,1.0,0.0
-0.7603706847081745,-0.9062065120225943,1.3125262508722302,1.6884641771714488,2.758534130212413,1.0,0.0,1.0,0.0,0.0
-0.7569065813609847,1.653285734651937,1.3125262508722302,-0.685122651503544,-0.45737353454299073,1.0,0.0,0.0,0.0,1.0
-0.7534424780137948,-1.710618360977447,-1.337257566501047,1.6884641771714488,0.07861107624957653,1.0,0.0,0.0,0.0,1.0
-0.7499783746666049,0.11759038664721824,1.3125262508722302,-0.685122651503544,-0.45737353454299073,0.0,1.0,0.0,1.0,0.0
-0.7465142713194151,-0.759949812212621,-1.337257566501047,-0.8169885864299324,-0.7700312241719883,1.0,0.0,0.0,0.0,1.0
-0.7430501679722252,0.9951305855070576,-0.45399629404328795,-0.8169885864299324,-0.7253658399392744,0.0,1.0,0.0,0.0,1.0
-0.7395860646250353,0.922002235602071,1.3125262508722302,-0.8169885864299324,-0.6360350714738464,0.0,1.0,0.0,1.0,0.0
-0.7361219612778455,-0.9793348619275809,1.3125262508722302,-0.7906153994446548,-0.6003027640876754,0.0,1.0,0.0,1.0,0.0
-0.7326578579306556,0.8488738856970843,-0.45399629404328795,-0.7906153994446548,-0.7074996862461888,0.0,1.0,0.0,0.0,1.0
-0.7291937545834657,-0.8330781621176077,-0.45399629404328795,0.6335366977603409,0.25727261318043226,1.0,0.0,1.0,0.0,0.0
-0.7257296512362759,1.3607723350319905,-0.45399629404328795,0.6335366977603409,0.25727261318043226,0.0,1.0,0.0,1.0,0.0
-0.722265547889086,-1.5643616611674738,1.3125262508722302,0.6335366977603409,1.3292418347655668,0.0,1.0,1.0,0.0,0.0
-0.7188014445418962,0.6294888359821245,0.4292649784144711,-0.7906153994446548,-0.653901225166932,0.0,1.0,0.0,0.0,1.0
-0.7153373411947063,-1.344976611452514,0.4292649784144711,-0.7906153994446548,-0.653901225166932,1.0,0.0,0.0,1.0,0.0
-0.7118732378475164,-1.0524632118325674,0.4292649784144711,0.6335366977603409,0.7932572239729995,1.0,0.0,1.0,0.0,0.0
-0.7084091345003266,-1.4181049613575005,1.3125262508722302,0.6335366977603409,1.3292418347655668,1.0,0.0,0.0,1.0,0.0
-0.7049450311531367,-0.10179466306774158,-0.45399629404328795,1.6884641771714488,0.9719187609038553,1.0,0.0,0.0,0.0,1.0
-0.7014809278059468,-1.0524632118325674,1.3125262508722302,0.6335366977603409,1.3292418347655668,0.0,1.0,1.0,0.0,0.0
-0.698016824458757,1.433900684936977,-0.45399629404328795,1.6884641771714488,0.9719187609038553,0.0,1.0,0.0,0.0,1.0
-0.6945527211115672,-1.6374900110724604,1.3125262508722302,-0.685122651503544,-0.45737353454299073,1.0,0.0,0.0,0.0,1.0
-0.6910886177643772,-0.8330781621176077,1.3125262508722302,-0.7906153994446548,-0.6003027640876754,0.0,1.0,0.0,1.0,0.0
-0.6876245144171874,1.1413872853170308,-0.45399629404328795,0.6335366977603409,0.25727261318043226,0.0,1.0,1.0,0.0,0.0
-0.6841604110699976,-1.6374900110724604,0.4292649784144711,-0.7906153994446548,-0.653901225166932,0.0,1.0,0.0,0.0,1.0
-0.6806963077228076,-0.3211797127827014,-0.45399629404328795,-0.7906153994446548,-0.7074996862461888,1.0,0.0,0.0,0.0,1.0
-0.6772322043756178,-1.710618360977447,-1.337257566501047,-0.7906153994446548,-0.7610981473254455,1.0,0.0,1.0,0.0,0.0
-0.673768101028428,0.922002235602071,-1.337257566501047,-0.685122651503544,-0.7253658399392744,0.0,1.0,0.0,0.0,1.0
-0.6703039976812382,-1.125591561737554,-0.45399629404328795,-0.8169885864299324,-0.7253658399392744,1.0,0.0,0.0,0.0,1.0
-0.6668398943340482,-0.5405647624976612,1.3125262508722302,0.6335366977603409,1.3292418347655668,1.0,0.0,1.0,0.0,0.0
-0.6633757909868584,-1.125591561737554,-1.337257566501047,-0.8169885864299324,-0.7700312241719883,1.0,0.0,1.0,0.0,0.0
-0.6599116876396686,-0.9793348619275809,-1.337257566501047,-0.8169885864299324,-0.7700312241719883,1.0,0.0,1.0,0.0,0.0
-0.6564475842924786,-0.6868214623076344,1.3125262508722302,-0.8169885864299324,-0.6360350714738464,1.0,0.0,1.0,0.0,0.0
-0.6529834809452888,-0.02866631316275497,1.3125262508722302,-0.7906153994446548,-0.6003027640876754,0.0,1.0,0.0,1.0,0.0
-0.649519377598099,0.9951305855070576,0.4292649784144711,1.6884641771714488,1.865226445558134,1.0,0.0,1.0,0.0,0.0
-0.646055274250909,0.7757455357920977,1.3125262508722302,-0.7906153994446548,-0.6003027640876754,0.0,1.0,0.0,1.0,0.0
-0.6425911709037192,0.41010378626716465,-0.45399629404328795,-0.7906153994446548,-0.7074996862461888,0.0,1.0,0.0,1.0,0.0
-0.6391270675565294,0.48323213617215127,-0.45399629404328795,-0.8169885864299324,-0.7253658399392744,1.0,0.0,0.0,1.0,0.0
-0.6356629642093395,-1.4181049613575005,0.4292649784144711,-0.7906153994446548,-0.653901225166932,0.0,1.0,0.0,0.0,1.0
-0.6321988608621496,1.433900684936977,-1.337257566501047,-0.8169885864299324,-0.7700312241719883,0.0,1.0,0.0,1.0,0.0
-0.6287347575149598,-0.759949812212621,-1.337257566501047,1.6884641771714488,0.07861107624957653,0.0,1.0,0.0,1.0,0.0
-0.62527065416777,-0.9793348619275809,1.3125262508722302,0.6335366977603409,1.3292418347655668,1.0,0.0,0.0,0.0,1.0
-0.62180655082058,-1.125591561737554,-0.45399629404328795,-0.8169885864299324,-0.7253658399392744,1.0,0.0,0.0,0.0,1.0
-0.6183424474733902,0.7026171858871111,-1.337257566501047,1.6884641771714488,0.07861107624957653,0.0,1.0,0.0,0.0,1.0
-0.6148783441262003,-0.9062065120225943,0.4292649784144711,0.6335366977603409,0.7932572239729995,1.0,0.0,1.0,0.0,0.0
-0.6114142407790105,0.7757455357920977,0.4292649784144711,-0.685122651503544,-0.5467043030084185,1.0,0.0,0.0,0.0,1.0
-0.6079501374318206,0.7757455357920977,-0.45399629404328795,-0.8169885864299324,-0.7253658399392744,1.0,0.0,0.0,0.0,1.0
-0.6044860340846308,-1.710618360977447,0.4292649784144711,-0.8169885864299324,-0.6807004557065603,1.0,0.0,0.0,1.0,0.0
-0.6010219307374409,1.1413872853170308,0.4292649784144711,-0.685122651503544,-0.5467043030084185,0.0,1.0,0.0,0.0,1.0
-0.597557827390251,-0.1749230129727282,-0.45399629404328795,-0.685122651503544,-0.6360350714738464,0.0,1.0,1.0,0.0,0.0
-0.5940937240430612,0.3369754363621781,1.3125262508722302,-0.8169885864299324,-0.6360350714738464,1.0,0.0,0.0,0.0,1.0
-0.5906296206958713,-1.1987199116425407,1.3125262508722302,-0.685122651503544,-0.45737353454299073,1.0,0.0,1.0,0.0,0.0
-0.5871655173486814,-0.9793348619275809,0.4292649784144711,-0.7906153994446548,-0.653901225166932,0.0,1.0,0.0,0.0,1.0
-0.5837014140014916,1.2145156352220174,1.3125262508722302,0.6335366977603409,1.3292418347655668,0.0,1.0,0.0,0.0,1.0
-0.5802373106543017,0.922002235602071,1.3125262508722302,0.6335366977603409,1.3292418347655668,1.0,0.0,0.0,0.0,1.0
-0.5767732073071119,-0.759949812212621,0.4292649784144711,0.6335366977603409,0.7932572239729995,0.0,1.0,0.0,0.0,1.0
-0.573309103959922,0.41010378626716465,1.3125262508722302,-0.7906153994446548,-0.6003027640876754,1.0,0.0,1.0,0.0,0.0
-0.5698450006127321,0.7757455357920977,0.4292649784144711,-0.685122651503544,-0.5467043030084185,1.0,0.0,1.0,0.0,0.0
-0.5663808972655423,-0.2480513628777148,-1.337257566501047,1.6884641771714488,0.07861107624957653,0.0,1.0,0.0,1.0,0.0
-0.5629167939183524,0.922002235602071,-0.45399629404328795,-0.685122651503544,-0.6360350714738464,0.0,1.0,1.0,0.0,0.0
-0.5594526905711625,-1.4181049613575005,-0.45399629404328795,-0.8169885864299324,-0.7253658399392744,1.0,0.0,0.0,0.0,1.0
-0.5559885872239727,-0.39430806268768803,1.3125262508722302,0.6335366977603409,1.3292418347655668,1.0,0.0,0.0,1.0,0.0
-0.5525244838767829,-0.759949812212621,1.3125262508722302,-0.685122651503544,-0.45737353454299073,0.0,1.0,0.0,1.0,0.0
-0.5490603805295929,0.11759038664721824,1.3125262508722302,1.6884641771714488,2.758534130212413,1.0,0.0,0.0,1.0,0.0
-0.5455962771824031,-1.4912333112624871,-0.45399629404328795,-0.8169885864299324,-0.7253658399392744,0.0,1.0,0.0,0.0,1.0
-0.5421321738352133,0.044462036742231634,-1.337257566501047,-0.7906153994446548,-0.7610981473254455,1.0,0.0,1.0,0.0,0.0
-0.5386680704880233,1.5070290348419637,-1.337257566501047,-0.7906153994446548,-0.7610981473254455,0.0,1.0,0.0,0.0,1.0
-0.5352039671408335,1.287643985127004,-0.45399629404328795,1.6884641771714488,0.9719187609038553,0.0,1.0,0.0,1.0,0.0
-0.5317398637936437,0.044462036742231634,-1.337257566501047,-0.8169885864299324,-0.7700312241719883,0.0,1.0,0.0,0.0,1.0
-0.5282757604464539,-0.4674364125926746,-0.45399629404328795,0.6335366977603409,0.25727261318043226,1.0,0.0,0.0,0.0,1.0
-0.5248116570992639,1.1413872853170308,-1.337257566501047,-0.685122651503544,-0.7253658399392744,1.0,0.0,1.0,0.0,0.0
-0.5213475537520741,-1.1987199116425407,0.4292649784144711,-0.8169885864299324,-0.6807004557065603,0.0,1.0,1.0,0.0,0.0
-0.5178834504048843,1.0682589354120442,0.4292649784144711,-0.7906153994446548,-0.653901225166932,1.0,0.0,0.0,1.0,0.0
-0.5144193470576943,1.1413872853170308,-0.45399629404328795,1.6884641771714488,0.9719187609038553,0.0,1.0,0.0,0.0,1.0
-0.5109552437105045,-0.759949812212621,-1.337257566501047,1.6884641771714488,0.07861107624957653,0.0,1.0,0.0,0.0,1.0
-0.5074911403633147,0.5563604860771378,1.3125262508722302,-0.685122651503544,-0.45737353454299073,1.0,0.0,1.0,0.0,0.0
-0.5040270370161247,0.9951305855070576,-1.337257566501047,1.6884641771714488,0.07861107624957653,1.0,0.0,0.0,0.0,1.0
-0.5005629336689349,0.6294888359821245,0.4292649784144711,1.6884641771714488,1.865226445558134,0.0,1.0,0.0,0.0,1.0
-0.49709883032174507,-0.10179466306774158,0.4292649784144711,-0.8169885864299324,-0.6807004557065603,1.0,0.0,0.0,0.0,1.0
-0.4936347269745552,-0.6868214623076344,-1.337257566501047,0.6335366977603409,-0.27871199761213494,1.0,0.0,1.0,0.0,0.0
-0.49017062362736535,0.6294888359821245,-1.337257566501047,-0.685122651503544,-0.7253658399392744,0.0,1.0,0.0,1.0,0.0
-0.48670652028017547,0.044462036742231634,1.3125262508722302,-0.8169885864299324,-0.6360350714738464,0.0,1.0,0.0,1.0,0.0
-0.4832424169329856,-0.5405647624976612,1.3125262508722302,0.6335366977603409,1.3292418347655668,1.0,0.0,0.0,0.0,1.0
-0.47977831358579576,0.6294888359821245,-1.337257566501047,-0.8169885864299324,-0.7700312241719883,0.0,1.0,0.0,1.0,0.0
-0.4763142102386059,1.653285734651937,-1.337257566501047,-0.8169885864299324,-0.7700312241719883,0.0,1.0,1.0,0.0,0.0
-0.47285010689141604,-1.6374900110724604,-1.337257566501047,1.6884641771714488,0.07861107624957653,1.0,0.0,1.0,0.0,0.0
-0.46938600354422616,-0.759949812212621,-1.337257566501047,0.6335366977603409,-0.27871199761213494,0.0,1.0,0.0,1.0,0.0
-0.46592190019703633,1.1413872853170308,-0.45399629404328795,-0.685122651503544,-0.6360350714738464,0.0,1.0,0.0,1.0,0.0
-0.46245779684984645,1.1413872853170308,-1.337257566501047,-0.685122651503544,-0.7253658399392744,1.0,0.0,0.0,0.0,1.0
-0.45899369350265656,1.0682589354120442,1.3125262508722302,0.6335366977603409,1.3292418347655668,1.0,0.0,0.0,1.0,0.0
-0.45552959015546673,-1.344976611452514,0.4292649784144711,1.6884641771714488,1.865226445558134,0.0,1.0,0.0,0.0,1.0
-0.45206548680827685,-1.344976611452514,-0.45399629404328795,-0.7906153994446548,-0.7074996862461888,0.0,1.0,0.0,0.0,1.0
-0.448601383461087,-1.5643616611674738,-1.337257566501047,-0.8169885864299324,-0.7700312241719883,1.0,0.0,1.0,0.0,0.0
-0.44513728011389714,-1.2718482615475273,0.4292649784144711,1.6884641771714488,1.865226445558134,1.0,0.0,1.0,0.0,0.0
-0.44167317676670725,-1.1987199116425407,-0.45399629404328795,0.6335366977603409,0.25727261318043226,1.0,0.0,1.0,0.0,0.0
-0.4382090734195174,1.287643985127004,0.4292649784144711,-0.8169885864299324,-0.6807004557065603,1.0,0.0,1.0,0.0,0.0
-0.43474497007232754,-0.6868214623076344,-1.337257566501047,-0.685122651503544,-0.7253658399392744,0.0,1.0,0.0,1.0,0.0
-0.4312808667251377,1.653285734651937,-1.337257566501047,-0.7906153994446548,-0.7610981473254455,1.0,0.0,1.0,0.0,0.0
-0.42781676337794783,0.3369754363621781,1.3125262508722302,-0.685122651503544,-0.45737353454299073,1.0,0.0,0.0,1.0,0.0
-0.424352660030758,0.6294888359821245,-1.337257566501047,0.6335366977603409,-0.27871199761213494,0.0,1.0,1.0,0.0,0.0
-0.4208885566835681,0.41010378626716465,-1.337257566501047,-0.8169885864299324,-0.7700312241719883,1.0,0.0,0.0,1.0,0.0
-0.41742445333637823,1.0682589354120442,-0.45399629404328795,0.6335366977603409,0.25727261318043226,0.0,1.0,0.0,0.0,1.0
-0.4139603499891884,0.19071873655220484,1.3125262508722302,-0.8169885864299324,-0.6360350714738464,1.0,0.0,0.0,1.0,0.0
-0.4104962466419985,0.8488738856970843,-0.45399629404328795,1.6884641771714488,0.9719187609038553,1.0,0.0,0.0,1.0,0.0
-0.4070321432948087,0.3369754363621781,0.4292649784144711,-0.7906153994446548,-0.653901225166932,1.0,0.0,1.0,0.0,0.0
-0.4035680399476188,0.9951305855070576,-1.337257566501047,1.6884641771714488,0.07861107624957653,0.0,1.0,0.0,1.0,0.0
-0.4001039366004289,0.6294888359821245,0.4292649784144711,1.6884641771714488,1.865226445558134,0.0,1.0,0.0,0.0,1.0
-0.3966398332532391,0.922002235602071,-0.45399629404328795,0.6335366977603409,0.25727261318043226,1.0,0.0,0.0,0.0,1.0
-0.3931757299060492,0.19071873655220484,-1.337257566501047,-0.7906153994446548,-0.7610981473254455,0.0,1.0,1.0,0.0,0.0
-0.3897116265588594,0.6294888359821245,-1.337257566501047,-0.8169885864299324,-0.7700312241719883,0.0,1.0,0.0,0.0,1.0
-0.3862475232116695,-1.4912333112624871,-0.45399629404328795,-0.8169885864299324,-0.7253658399392744,0.0,1.0,0.0,1.0,0.0
-0.38278341986447967,-0.1749230129727282,-0.45399629404328795,-0.685122651503544,-0.6360350714738464,0.0,1.0,0.0,0.0,1.0
-0.3793193165172898,-1.6374900110724604,-0.45399629404328795,-0.8169885864299324,-0.7253658399392744,0.0,1.0,1.0,0.0,0.0
-0.3758552131700999,-1.0524632118325674,-0.45399629404328795,0.6335366977603409,0.25727261318043226,0.0,1.0,0.0,1.0,0.0
-0.37239110982291007,-1.4181049613575005,-0.45399629404328795,1.6884641771714488,0.9719187609038553,1.0,0.0,1.0,0.0,0.0
-0.3689270064757202,-1.0524632118325674,-1.337257566501047,1.6884641771714488,0.07861107624957653,1.0,0.0,0.0,1.0,0.0
-0.36546290312853036,0.6294888359821245,-0.45399629404328795,1.6884641771714488,0.9719187609038553,0.0,1.0,0.0,0.0,1.0
-0.3619987997813405,0.9951305855070576,-1.337257566501047,-0.7906153994446548,-0.7610981473254455,1.0,0.0,1.0,0.0,0.0
-0.3585346964341506,-0.8330781621176077,-1.337257566501047,-0.8169885864299324,-0.7700312241719883,1.0,0.0,1.0,0.0,0.0
-0.35507059308696076,0.48323213617215127,-0.45399629404328795,0.6335366977603409,0.25727261318043226,1.0,0.0,0.0,1.0,0.0
-0.3516064897397709,1.653285734651937,-0.45399629404328795,-0.7906153994446548,-0.7074996862461888,1.0,0.0,1.0,0.0,0.0
-0.34814238639258105,0.8488738856970843,1.3125262508722302,-0.685122651503544,-0.45737353454299073,0.0,1.0,0.0,1.0,0.0
-0.34467828304539117,1.5070290348419637,-1.337257566501047,0.6335366977603409,-0.27871199761213494,1.0,0.0,0.0,1.0,0.0
-0.34121417969820134,-0.02866631316275497,-0.45399629404328795,0.6335366977603409,0.25727261318043226,1.0,0.0,0.0,1.0,0.0
-0.33775007635101145,-0.6868214623076344,-0.45399629404328795,0.6335366977603409,0.25727261318043226,0.0,1.0,0.0,1.0,0.0
-0.33428597300382157,0.3369754363621781,-0.45399629404328795,1.6884641771714488,0.9719187609038553,0.0,1.0,0.0,0.0,1.0
-0.33082186965663174,-1.1987199116425407,1.3125262508722302,0.6335366977603409,1.3292418347655668,1.0,0.0,0.0,1.0,0.0
-0.32735776630944186,-1.4181049613575005,1.3125262508722302,-0.8169885864299324,-0.6360350714738464,1.0,0.0,1.0,0.0,0.0
-0.323893662962252,0.3369754363621781,0.4292649784144711,0.6335366977603409,0.7932572239729995,1.0,0.0,0.0,0.0,1.0
-0.32042955961506214,1.653285734651937,-1.337257566501047,1.6884641771714488,0.07861107624957653,1.0,0.0,1.0,0.0,0.0
-0.31696545626787226,-1.4912333112624871,0.4292649784144711,0.6335366977603409,0.7932572239729995,1.0,0.0,0.0,0.0,1.0
-0.31350135292068243,-0.9062065120225943,-0.45399629404328795,-0.685122651503544,-0.6360350714738464,1.0,0.0,0.0,1.0,0.0
-0.31003724957349255,1.5070290348419637,1.3125262508722302,-0.685122651503544,-0.45737353454299073,0.0,1.0,0.0,0.0,1.0
-0.3065731462263027,-1.6374900110724604,1.3125262508722302,1.6884641771714488,2.758534130212413,1.0,0.0,0.0,0.0,1.0
-0.30310904287911283,0.19071873655220484,0.4292649784144711,-0.8169885864299324,-0.6807004557065603,1.0,0.0,1.0,0.0,0.0
-0.299644939531923,0.48323213617215127,1.3125262508722302,-0.8169885864299324,-0.6360350714738464,0.0,1.0,1.0,0.0,0.0
-0.2961808361847331,0.8488738856970843,-0.45399629404328795,-0.7906153994446548,-0.7074996862461888,0.0,1.0,0.0,1.0,0.0
-0.29271673283754324,0.8488738856970843,1.3125262508722302,1.6884641771714488,2.758534130212413,0.0,1.0,0.0,0.0,1.0
-0.2892526294903534,0.11759038664721824,0.4292649784144711,0.6335366977603409,0.7932572239729995,0.0,1.0,0.0,0.0,1.0
-0.2857885261431635,1.3607723350319905,-0.45399629404328795,1.6884641771714488,0.9719187609038553,1.0,0.0,0.0,0.0,1.0
-0.2823244227959737,0.19071873655220484,0.4292649784144711,-0.7906153994446548,-0.653901225166932,1.0,0.0,0.0,1.0,0.0
-0.2788603194487838,-1.4181049613575005,1.3125262508722302,1.6884641771714488,2.758534130212413,1.0,0.0,0.0,1.0,0.0
-0.2753962161015939,-0.3211797127827014,0.4292649784144711,1.6884641771714488,1.865226445558134,1.0,0.0,0.0,1.0,0.0
-0.2719321127544041,-0.9793348619275809,0.4292649784144711,-0.7906153994446548,-0.653901225166932,1.0,0.0,0.0,1.0,0.0
-0.2684680094072142,-1.0524632118325674,-1.337257566501047,-0.8169885864299324,-0.7700312241719883,1.0,0.0,0.0,1.0,0.0
-0.2650039060600244,1.1413872853170308,1.3125262508722302,0.6335366977603409,1.3292418347655668,0.0,1.0,1.0,0.0,0.0
-0.2615398027128345,0.9951305855070576,1.3125262508722302,-0.7906153994446548,-0.6003027640876754,1.0,0.0,0.0,0.0,1.0
-0.2580756993656447,-1.344976611452514,0.4292649784144711,-0.685122651503544,-0.5467043030084185,0.0,1.0,0.0,0.0,1.0
-0.2546115960184548,-1.1987199116425407,-1.337257566501047,-0.8169885864299324,-0.7700312241719883,0.0,1.0,0.0,0.0,1.0
-0.2511474926712649,-0.10179466306774158,1.3125262508722302,-0.685122651503544,-0.45737353454299073,1.0,0.0,0.0,0.0,1.0
-0.24768338932407508,1.653285734651937,-0.45399629404328795,-0.8169885864299324,-0.7253658399392744,0.0,1.0,0.0,0.0,1.0
-0.2442192859768852,0.11759038664721824,0.4292649784144711,0.6335366977603409,0.7932572239729995,1.0,0.0,0.0,0.0,1.0
-0.24075518262969534,1.5801573847469503,1.3125262508722302,0.6335366977603409,1.3292418347655668,0.0,1.0,0.0,0.0,1.0
-0.23729107928250548,1.3607723350319905,-0.45399629404328795,1.6884641771714488,0.9719187609038553,1.0,0.0,0.0,0.0,1.0
-0.23382697593531562,-0.9062065120225943,1.3125262508722302,-0.685122651503544,-0.45737353454299073,0.0,1.0,1.0,0.0,0.0
-0.23036287258812577,0.11759038664721824,-0.45399629404328795,-0.8169885864299324,-0.7253658399392744,1.0,0.0,0.0,0.0,1.0
-0.2268987692409359,-0.8330781621176077,0.4292649784144711,0.6335366977603409,0.7932572239729995,1.0,0.0,1.0,0.0,0.0
-0.22343466589374603,1.1413872853170308,1.3125262508722302,-0.7906153994446548,-0.6003027640876754,1.0,0.0,0.0,1.0,0.0
-0.21997056254655617,-0.4674364125926746,1.3125262508722302,0.6335366977603409,1.3292418347655668,1.0,0.0,0.0,0.0,1.0
-0.2165064591993663,0.044462036742231634,-1.337257566501047,-0.7906153994446548,-0.7610981473254455,1.0,0.0,0.0,1.0,0.0
-0.21304235585217646,0.6294888359821245,0.4292649784144711,-0.8169885864299324,-0.6807004557065603,0.0,1.0,0.0,1.0,0.0
-0.2095782525049866,1.653285734651937,-0.45399629404328795,0.6335366977603409,0.25727261318043226,0.0,1.0,0.0,1.0,0.0
-0.20611414915779674,1.1413872853170308,1.3125262508722302,0.6335366977603409,1.3292418347655668,0.0,1.0,1.0,0.0,0.0
-0.20265004581060686,1.3607723350319905,1.3125262508722302,-0.8169885864299324,-0.6360350714738464,1.0,0.0,0.0,1.0,0.0
-0.199185942463417,-0.9062065120225943,-0.45399629404328795,0.6335366977603409,0.25727261318043226,0.0,1.0,0.0,1.0,0.0
-0.19572183911622715,1.433900684936977,0.4292649784144711,-0.7906153994446548,-0.653901225166932,1.0,0.0,0.0,1.0,0.0
-0.1922577357690373,0.8488738856970843,-1.337257566501047,0.6335366977603409,-0.27871199761213494,1.0,0.0,0.0,0.0,1.0
-0.18879363242184743,-1.4912333112624871,-1.337257566501047,-0.685122651503544,-0.7253658399392744,0.0,1.0,0.0,0.0,1.0
-0.18532952907465755,-1.4181049613575005,1.3125262508722302,1.6884641771714488,2.758534130212413,0.0,1.0,1.0,0.0,0.0
-0.1818654257274677,0.922002235602071,-0.45399629404328795,-0.7906153994446548,-0.7074996862461888,1.0,0.0,1.0,0.0,0.0
-0.17840132238027784,-1.1987199116425407,1.3125262508722302,-0.685122651503544,-0.45737353454299073,0.0,1.0,0.0,0.0,1.0
-0.17493721903308798,1.287643985127004,-0.45399629404328795,-0.8169885864299324,-0.7253658399392744,1.0,0.0,1.0,0.0,0.0
-0.17147311568589813,0.26384708645719146,-1.337257566501047,-0.7906153994446548,-0.7610981473254455,1.0,0.0,0.0,0.0,1.0
-0.16800901233870827,0.48323213617215127,0.4292649784144711,1.6884641771714488,1.865226445558134,1.0,0.0,0.0,1.0,0.0
-0.16454490899151838,-1.125591561737554,-0.45399629404328795,1.6884641771714488,0.9719187609038553,1.0,0.0,0.0,1.0,0.0
-0.16108080564432853,0.3369754363621781,-1.337257566501047,-0.8169885864299324,-0.7700312241719883,1.0,0.0,1.0,0.0,0.0
-0.15761670229713867,-0.759949812212621,1.3125262508722302,-0.8169885864299324,-0.6360350714738464,0.0,1.0,0.0,0.0,1.0
-0.15415259894994882,1.1413872853170308,-0.45399629404328795,-0.7906153994446548,-0.7074996862461888,0.0,1.0,0.0,0.0,1.0
-0.15068849560275896,1.2145156352220174,0.4292649784144711,0.6335366977603409,0.7932572239729995,1.0,0.0,1.0,0.0,0.0
-0.1472243922555691,-0.1749230129727282,1.3125262508722302,-0.8169885864299324,-0.6360350714738464,1.0,0.0,0.0,0.0,1.0
-0.14376028890837922,-0.9793348619275809,1.3125262508722302,0.6335366977603409,1.3292418347655668,0.0,1.0,0.0,1.0,0.0
-0.14029618556118936,-0.10179466306774158,-1.337257566501047,-0.685122651503544,-0.7253658399392744,0.0,1.0,1.0,0.0,0.0
-0.1368320822139995,-1.710618360977447,-0.45399629404328795,1.6884641771714488,0.9719187609038553,1.0,0.0,1.0,0.0,0.0
-0.13336797886680965,1.5801573847469503,1.3125262508722302,0.6335366977603409,1.3292418347655668,0.0,1.0,0.0,0.0,1.0
-0.1299038755196198,0.922002235602071,0.4292649784144711,1.6884641771714488,1.865226445558134,1.0,0.0,1.0,0.0,0.0
-0.12643977217242994,-0.2480513628777148,-0.45399629404328795,0.6335366977603409,0.25727261318043226,0.0,1.0,0.0,0.0,1.0
-0.12297566882524007,0.11759038664721824,0.4292649784144711,-0.685122651503544,-0.5467043030084185,1.0,0.0,0.0,0.0,1.0
-0.11951156547805021,1.5801573847469503,1.3125262508722302,-0.8169885864299324,-0.6360350714738464,0.0,1.0,0.0,0.0,1.0
-0.11604746213086034,0.8488738856970843,0.4292649784144711,-0.685122651503544,-0.5467043030084185,1.0,0.0,0.0,0.0,1.0
-0.11258335878367048,-0.10179466306774158,-1.337257566501047,-0.8169885864299324,-0.7700312241719883,0.0,1.0,0.0,0.0,1.0
-0.10911925543648063,-1.710618360977447,0.4292649784144711,-0.8169885864299324,-0.6807004557065603,0.0,1.0,1.0,0.0,0.0
-0.10565515208929076,1.1413872853170308,-0.45399629404328795,1.6884641771714488,0.9719187609038553,1.0,0.0,0.0,1.0,0.0
-0.1021910487421009,-0.6868214623076344,0.4292649784144711,-0.685122651503544,-0.5467043030084185,0.0,1.0,0.0,1.0,0.0
-0.09872694539491104,-0.2480513628777148,0.4292649784144711,0.6335366977603409,0.7932572239729995,1.0,0.0,1.0,0.0,0.0
-0.09526284204772117,1.653285734651937,-1.337257566501047,-0.685122651503544,-0.7253658399392744,0.0,1.0,1.0,0.0,0.0
-0.09179873870053132,-1.125591561737554,0.4292649784144711,1.6884641771714488,1.865226445558134,1.0,0.0,0.0,1.0,0.0
-0.08833463535334146,-1.125591561737554,0.4292649784144711,-0.8169885864299324,-0.6807004557065603,0.0,1.0,0.0,1.0,0.0
-0.08487053200615159,-1.0524632118325674,1.3125262508722302,1.6884641771714488,2.758534130212413,1.0,0.0,0.0,1.0,0.0
-0.08140642865896174,0.11759038664721824,1.3125262508722302,-0.7906153994446548,-0.6003027640876754,0.0,1.0,0.0,1.0,0.0
-0.07794232531177188,1.2145156352220174,-0.45399629404328795,-0.7906153994446548,-0.7074996862461888,1.0,0.0,0.0,1.0,0.0
-0.07447822196458201,0.7757455357920977,1.3125262508722302,0.6335366977603409,1.3292418347655668,0.0,1.0,0.0,0.0,1.0
-0.07101411861739215,0.044462036742231634,1.3125262508722302,1.6884641771714488,2.758534130212413,1.0,0.0,1.0,0.0,0.0
-0.0675500152702023,0.11759038664721824,1.3125262508722302,0.6335366977603409,1.3292418347655668,1.0,0.0,0.0,0.0,1.0
-0.06408591192301243,-0.9793348619275809,1.3125262508722302,0.6335366977603409,1.3292418347655668,1.0,0.0,0.0,1.0,0.0
-0.06062180857582257,0.9951305855070576,-1.337257566501047,-0.7906153994446548,-0.7610981473254455,0.0,1.0,0.0,1.0,0.0
-0.057157705228632706,-1.6374900110724604,1.3125262508722302,0.6335366977603409,1.3292418347655668,1.0,0.0,0.0,1.0,0.0
-0.05369360188144284,-1.2718482615475273,-1.337257566501047,-0.7906153994446548,-0.7610981473254455,0.0,1.0,0.0,0.0,1.0
-0.050229498534252986,-0.4674364125926746,-1.337257566501047,-0.8169885864299324,-0.7700312241719883,1.0,0.0,0.0,0.0,1.0
-0.04676539518706312,0.19071873655220484,1.3125262508722302,1.6884641771714488,2.758534130212413,0.0,1.0,0.0,1.0,0.0
-0.04330129183987326,0.7026171858871111,0.4292649784144711,0.6335366977603409,0.7932572239729995,1.0,0.0,0.0,0.0,1.0
-0.039837188492683404,0.19071873655220484,-1.337257566501047,-0.7906153994446548,-0.7610981473254455,0.0,1.0,0.0,0.0,1.0
-0.03637308514549354,-0.5405647624976612,0.4292649784144711,-0.685122651503544,-0.5467043030084185,0.0,1.0,0.0,1.0,0.0
-0.03290898179830368,1.3607723350319905,0.4292649784144711,0.6335366977603409,0.7932572239729995,1.0,0.0,0.0,0.0,1.0
-0.029444878451113817,1.433900684936977,1.3125262508722302,-0.8169885864299324,-0.6360350714738464,0.0,1.0,1.0,0.0,0.0
-0.025980775103923957,-0.02866631316275497,-0.45399629404328795,-0.8169885864299324,-0.7253658399392744,0.0,1.0,1.0,0.0,0.0
-0.022516671756734098,0.044462036742231634,1.3125262508722302,-0.685122651503544,-0.45737353454299073,1.0,0.0,1.0,0.0,0.0
-0.019052568409544234,-1.2718482615475273,-0.45399629404328795,-0.7906153994446548,-0.7074996862461888,0.0,1.0,1.0,0.0,0.0
-0.015588465062354374,-1.344976611452514,-0.45399629404328795,0.6335366977603409,0.25727261318043226,0.0,1.0,0.0,1.0,0.0
-0.012124361715164513,-0.02866631316275497,1.3125262508722302,-0.7906153994446548,-0.6003027640876754,0.0,1.0,0.0,1.0,0.0
-0.008660258367974653,0.6294888359821245,1.3125262508722302,-0.8169885864299324,-0.6360350714738464,1.0,0.0,0.0,1.0,0.0
-0.0051961550207847915,0.3369754363621781,-0.45399629404328795,-0.7906153994446548,-0.7074996862461888,0.0,1.0,1.0,0.0,0.0
-0.0017320516735949306,1.3607723350319905,1.3125262508722302,-0.8169885864299324,-0.6360350714738464,1.0,0.0,1.0,0.0,0.0
0.0017320516735949306,-0.1749230129727282,-0.45399629404328795,-0.7906153994446548,-0.7074996862461888,0.0,1.0,0.0,0.0,1.0
0.0051961550207847915,0.11759038664721824,0.4292649784144711,-0.685122651503544,-0.5467043030084185,0.0,1.0,0.0,0.0,1.0
0.008660258367974653,0.26384708645719146,1.3125262508722302,1.6884641771714488,2.758534130212413,0.0,1.0,1.0,0.0,0.0
0.012124361715164513,-0.2480513628777148,0.4292649784144711,-0.685122651503544,-0.5467043030084185,1.0,0.0,1.0,0.0,0.0
0.015588465062354374,-1.2718482615475273,-1.337257566501047,-0.685122651503544,-0.7253658399392744,0.0,1.0,1.0,0.0,0.0
0.019052568409544234,-0.5405647624976612,0.4292649784144711,1.6884641771714488,1.865226445558134,0.0,1.0,1.0,0.0,0.0
0.022516671756734098,-0.3211797127827014,0.4292649784144711,1.6884641771714488,1.865226445558134,1.0,0.0,0.0,0.0,1.0
0.025980775103923957,1.2145156352220174,-0.45399629404328795,0.6335366977603409,0.25727261318043226,0.0,1.0,1.0,0.0,0.0
0.029444878451113817,-0.3211797127827014,0.4292649784144711,0.6335366977603409,0.7932572239729995,1.0,0.0,0.0,0.0,1.0
0.03290898179830368,-0.1749230129727282,1.3125262508722302,-0.685122651503544,-0.45737353454299073,1.0,0.0,1.0,0.0,0.0
0.03637308514549354,0.26384708645719146,-0.45399629404328795,-0.685122651503544,-0.6360350714738464,0.0,1.0,1.0,0.0,0.0
0.039837188492683404,1.1413872853170308,-1.337257566501047,-0.8169885864299324,-0.7700312241719883,1.0,0.0,1.0,0.0,0.0
0.04330129183987326,-1.2718482615475273,1.3125262508722302,-0.8169885864299324,-0.6360350714738464,0.0,1.0,0.0,0.0,1.0
0.04676539518706312,-1.710618360977447,-1.337257566501047,0.6335366977603409,-0.27871199761213494,1.0,0.0,0.0,0.0,1.0
0.050229498534252986,0.5563604860771378,0.4292649784144711,0.6335366977603409,0.7932572239729995,1.0,0.0,0.0,1.0,0.0
0.05369360188144284,-0.8330781621176077,1.3125262508722302,-0.8169885864299324,-0.6360350714738464,0.0,1.0,1.0,0.0,0.0
0.057157705228632706,0.41010378626716465,1.3125262508722302,-0.8169885864299324,-0.6360350714738464,1.0,0.0,0.0,1.0,0.0
0.06062180857582257,-0.10179466306774158,-1.337257566501047,-0.7906153994446548,-0.7610981473254455,1.0,0.0,0.0,1.0,0.0
0.06408591192301243,-0.39430806268768803,1.3125262508722302,-0.7906153994446548,-0.6003027640876754,1.0,0.0,0.0,0.0,1.0
0.0675500152702023,0.5563604860771378,1.3125262508722302,-0.8169885864299324,-0.6360350714738464,1.0,0.0,0.0,0.0,1.0
0.07101411861739215,0.41010378626716465,1.3125262508722302,-0.7906153994446548,-0.6003027640876754,1.0,0.0,0.0,1.0,0.0
0.07447822196458201,0.3369754363621781,0.4292649784144711,1.6884641771714488,1.865226445558134,0.0,1.0,1.0,0.0,0.0
0.07794232531177188,1.5070290348419637,-1.337257566501047,0.6335366977603409,-0.27871199761213494,1.0,0.0,0.0,0.0,1.0
0.08140642865896174,0.3369754363621781,1.3125262508722302,0.6335366977603409,1.3292418347655668,0.0,1.0,1.0,0.0,0.0
0.08487053200615159,0.41010378626716465,-0.45399629404328795,-0.8169885864299324,-0.7253658399392744,1.0,0.0,1.0,0.0,0.0
0.08833463535334146,-0.6136931124026478,-0.45399629404328795,-0.685122651503544,-0.6360350714738464,0.0,1.0,0.0,1.0,0.0
0.09179873870053132,1.1413872853170308,-0.45399629404328795,-0.8169885864299324,-0.7253658399392744,0.0,1.0,0.0,1.0,0.0
0.09526284204772117,-0.39430806268768803,-0.45399629404328795,-0.7906153994446548,-0.7074996862461888,1.0,0.0,0.0,1.0,0.0
0.09872694539491104,-0.4674364125926746,0.4292649784144711,-0.685122651503544,-0.5467043030084185,1.0,0.0,0.0,1.0,0.0
0.1021910487421009,-1.710618360977447,1.3125262508722302,-0.7906153994446548,-0.6003027640876754,1.0,0.0,0.0,0.0,1.0
0.10565515208929076,-0.759949812212621,-1.337257566501047,1.6884641771714488,0.07861107624957653,0.0,1.0,0.0,0.0,1.0
0.10911925543648063,1.653285734651937,1.3125262508722302,-0.7906153994446548,-0.6003027640876754,1.0,0.0,0.0,1.0,0.0
0.11258335878367048,-1.6374900110724604,0.4292649784144711,1.6884641771714488,1.865226445558134,0.0,1.0,0.0,0.0,1.0
0.11604746213086034,0.26384708645719146,-0.45399629404328795,1.6884641771714488,0.9719187609038553,0.0,1.0,0.0,1.0,0.0
0.11951156547805021,0.41010378626716465,0.4292649784144711,-0.7906153994446548,-0.653901225166932,0.0,1.0,1.0,0.0,0.0
0.12297566882524007,0.9951305855070576,1.3125262508722302,-0.7906153994446548,-0.6003027640876754,1.0,0.0,1.0,0.0,0.0
0.12643977217242994,-1.4912333112624871,-1.337257566501047,1.6884641771714488,0.07861107624957653,1.0,0.0,1.0,0.0,0.0
0.1299038755196198,-1.710618360977447,0.4292649784144711,-0.685122651503544,-0.5467043030084185,0.0,1.0,0.0,1.0,0.0
0.13336797886680965,-1.1987199116425407,-1.337257566501047,1.6884641771714488,0.07861107624957653,0.0,1.0,1.0,0.0,0.0
0.1368320822139995,0.3369754363621781,0.4292649784144711,0.6335366977603409,0.7932572239729995,1.0,0.0,0.0,0.0,1.0
0.14029618556118936,1.0682589354120442,-1.337257566501047,1.6884641771714488,0.07861107624957653,0.0,1.0,1.0,0.0,0.0
0.14376028890837922,-1.5643616611674738,-1.337257566501047,-0.685122651503544,-0.7253658399392744,1.0,0.0,1.0,0.0,0.0
0.1472243922555691,0.5563604860771378,-0.45399629404328795,0.6335366977603409,0.25727261318043226,0.0,1.0,1.0,0.0,0.0
0.15068849560275896,-1.0524632118325674,-1.337257566501047,-0.8169885864299324,-0.7700312241719883,1.0,0.0,0.0,0.0,1.0
0.15415259894994882,-1.0524632118325674,-0.45399629404328795,-0.8169885864299324,-0.7253658399392744,0.0,1.0,0.0,1.0,0.0
0.15761670229713867,-0.39430806268768803,1.3125262508722302,-0.685122651503544,-0.45737353454299073,1.0,0.0,0.0,0.0,1.0
0.16108080564432853,1.5801573847469503,1.3125262508722302,1.6884641771714488,2.758534130212413,0.0,1.0,0.0,1.0,0.0
0.16454490899151838,0.7026171858871111,-0.45399629404328795,-0.7906153994446548,-0.7074996862461888,1.0,0.0,0.0,1.0,0.0
0.16800901233870827,0.6294888359821245,-0.45399629404328795,-0.685122651503544,-0.6360350714738464,1.0,0.0,1.0,0.0,0.0
0.17147311568589813,-0.10179466306774158,0.4292649784144711,0.6335366977603409,0.7932572239729995,0.0,1.0,0.0,1.0,0.0
0.17493721903308798,0.26384708645719146,0.4292649784144711,0.6335366977603409,0.7932572239729995,0.0,1.0,0.0,0.0,1.0
0.17840132238027784,0.5563604860771378,0.4292649784144711,-0.8169885864299324,-0.6807004557065603,1.0,0.0,0.0,0.0,1.0
0.1818654257274677,-1.2718482615475273,1.3125262508722302,0.6335366977603409,1.3292418347655668,0.0,1.0,0.0,1.0,0.0
0.18532952907465755,0.3369754363621781,0.4292649784144711,-0.685122651503544,-0.5467043030084185,1.0,0.0,1.0,0.0,0.0
0.18879363242184743,-1.1987199116425407,-1.337257566501047,0.6335366977603409,-0.27871199761213494,0.0,1.0,1.0,0.0,0.0
0.1922577357690373,-1.710618360977447,-1.337257566501047,-0.685122651503544,-0.7253658399392744,1.0,0.0,0.0,0.0,1.0
0.19572183911622715,-1.5643616611674738,0.4292649784144711,-0.7906153994446548,-0.653901225166932,1.0,0.0,1.0,0.0,0.0
0.199185942463417,-0.02866631316275497,-1.337257566501047,-0.8169885864299324,-0.7700312241719883,1.0,0.0,0.0,1.0,0.0
0.20265004581060686,-0.10179466306774158,1.3125262508722302,0.6335366977603409,1.3292418347655668,1.0,0.0,0.0,1.0,0.0
0.20611414915779674,-1.1987199116425407,-1.337257566501047,-0.685122651503544,-0.7253658399392744,1.0,0.0,0.0,0.0,1.0
0.2095782525049866,1.653285734651937,1.3125262508722302,1.6884641771714488,2.758534130212413,1.0,0.0,0.0,1.0,0.0
0.21304235585217646,0.922002235602071,-0.45399629404328795,-0.8169885864299324,-0.7253658399392744,0.0,1.0,0.0,0.0,1.0
0.2165064591993663,-1.5643616611674738,-0.45399629404328795,-0.7906153994446548,-0.7074996862461888,0.0,1.0,0.0,1.0,0.0
0.21997056254655617,0.6294888359821245,-0.45399629404328795,-0.685122651503544,-0.6360350714738464,0.0,1.0,0.0,0.0,1.0
0.22343466589374603,0.26384708645719146,-0.45399629404328795,-0.7906153994446548,-0.7074996862461888,1.0,0.0,1.0,0.0,0.0
0.2268987692409359,1.653285734651937,-1.337257566501047,-0.7906153994446548,-0.7610981473254455,1.0,0.0,0.0,1.0,0.0
0.23036287258812577,-1.1987199116425407,0.4292649784144711,0.6335366977603409,0.7932572239729995,1.0,0.0,0.0,1.0,0.0
0.23382697593531562,0.7026171858871111,-1.337257566501047,0.6335366977603409,-0.27871199761213494,1.0,0.0,0.0,0.0,1.0
0.23729107928250548,0.7757455357920977,1.3125262508722302,-0.685122651503544,-0.45737353454299073,0.0,1.0,0.0,0.0,1.0
0.24075518262969534,0.5563604860771378,-1.337257566501047,1.6884641771714488,0.07861107624957653,0.0,1.0,0.0,1.0,0.0
0.2442192859768852,-0.02866631316275497,-1.337257566501047,-0.685122651503544,-0.7253658399392744,1.0,0.0,0.0,0.0,1.0
0.24768338932407508,-0.759949812212621,1.3125262508722302,1.6884641771714488,2.758534130212413,0.0,1.0,0.0,1.0,0.0
0.2511474926712649,0.5563604860771378,-0.45399629404328795,-0.7906153994446548,-0.7074996862461888,0.0,1.0,1.0,0.0,0.0
0.2546115960184548,1.5801573847469503,-0.45399629404328795,-0.8169885864299324,-0.7253658399392744,1.0,0.0,0.0,0.0,1.0
0.2580756993656447,1.3607723350319905,-0.45399629404328795,-0.685122651503544,-0.6360350714738464,0.0,1.0,0.0,1.0,0.0
0.2615398027128345,-0.6136931124026478,0.4292649784144711,-0.685122651503544,-0.5467043030084185,1.0,0.0,1.0,0.0,0.0
0.2650039060600244,-1.4912333112624871,1.3125262508722302,1.6884641771714488,2.758534130212413,0.0,1.0,1.0,0.0,0.0
0.2684680094072142,0.922002235602071,1.3125262508722302,-0.7906153994446548,-0.6003027640876754,1.0,0.0,0.0,1.0,0.0
0.2719321127544041,-0.2480513628777148,-1.337257566501047,-0.7906153994446548,-0.7610981473254455,1.0,0.0,0.0,0.0,1.0
0.2753962161015939,-0.759949812212621,0.4292649784144711,1.6884641771714488,1.865226445558134,1.0,0.0,0.0,1.0,0.0
0.2788603194487838,0.48323213617215127,-0.45399629404328795,-0.7906153994446548,-0.7074996862461888,1.0,0.0,1.0,0.0,0.0
0.2823244227959737,-0.4674364125926746,0.4292649784144711,0.6335366977603409,0.7932572239729995,0.0,1.0,0.0,1.0,0.0
0.2857885261431635,-1.2718482615475273,1.3125262508722302,-0.8169885864299324,-0.6360350714738464,1.0,0.0,0.0,0.0,1.0
0.2892526294903534,-1.0524632118325674,1.3125262508722302,-0.685122651503544,-0.45737353454299073,1.0,0.0,1.0,0.0,0.0
0.29271673283754324,-1.2718482615475273,-1.337257566501047,-0.8169885864299324,-0.7700312241719883,1.0,0.0,0.0,1.0,0.0
0.2961808361847331,0.6294888359821245,-1.337257566501047,-0.685122651503544,-0.7253658399392744,0.0,1.0,0.0,0.0,1.0
0.299644939531923,-0.10179466306774158,1.3125262508722302,0.6335366977603409,1.3292418347655668,1.0,0.0,1.0,0.0,0.0
0.30310904287911283,-0.2480513628777148,-0.45399629404328795,-0.7906153994446548,-0.7074996862461888,0.0,1.0,0.0,0.0,1.0
0.3065731462263027,-0.39430806268768803,-0.45399629404328795,1.6884641771714488,0.9719187609038553,1.0,0.0,1.0,0.0,0.0
0.31003724957349255,-0.39430806268768803,0.4292649784144711,0.6335366977603409,0.7932572239729995,0.0,1.0,0.0,1.0,0.0
0.31350135292068243,0.8488738856970843,1.3125262508722302,-0.8169885864299324,-0.6360350714738464,0.0,1.0,0.0,0.0,1.0
0.31696545626787226,0.3369754363621781,1.3125262508722302,1.6884641771714488,2.758534130212413,1.0,0.0,1.0,0.0,0.0
0.32042955961506214,-0.4674364125926746,-0.45399629404328795,-0.7906153994446548,-0.7074996862461888,0.0,1.0,0.0,0.0,1.0
0.323893662962252,-1.6374900110724604,-0.45399629404328795,0.6335366977603409,0.25727261318043226,1.0,0.0,0.0,0.0,1.0
0.32735776630944186,-1.710618360977447,1.3125262508722302,1.6884641771714488,2.758534130212413,1.0,0.0,0.0,1.0,0.0
0.33082186965663174,1.653285734651937,-1.337257566501047,0.6335366977603409,-0.27871199761213494,1.0,0.0,0.0,0.0,1.0
0.33428597300382157,-1.4181049613575005,1.3125262508722302,0.6335366977603409,1.3292418347655668,0.0,1.0,1.0,0.0,0.0
0.33775007635101145,-0.3211797127827014,1.3125262508722302,-0.7906153994446548,-0.6003027640876754,0.0,1.0,1.0,0.0,0.0
0.34121417969820134,-0.9793348619275809,-0.45399629404328795,-0.685122651503544,-0.6360350714738464,1.0,0.0,1.0,0.0,0.0
0.34467828304539117,1.287643985127004,-0.45399629404328795,1.6884641771714488,0.9719187609038553,1.0,0.0,1.0,0.0,0.0
0.34814238639258105,-1.6374900110724604,-1.337257566501047,-0.7906153994446548,-0.7610981473254455,0.0,1.0,0.0,1.0,0.0
0.3516064897397709,-1.5643616611674738,-1.337257566501047,0.6335366977603409,-0.27871199761213494,1.0,0.0,0.0,0.0,1.0
0.35507059308696076,-0.10179466306774158,0.4292649784144711,-0.7906153994446548,-0.653901225166932,1.0,0.0,0.0,1.0,0.0
0.3585346964341506,-0.9062065120225943,1.3125262508722302,-0.685122651503544,-0.45737353454299073,1.0,0.0,0.0,0.0,1.0
0.3619987997813405,-0.3211797127827014,-0.45399629404328795,1.6884641771714488,0.9719187609038553,0.0,1.0,0.0,0.0,1.0
0.36546290312853036,-1.4181049613575005,-1.337257566501047,-0.685122651503544,-0.7253658399392744,0.0,1.0,0.0,0.0,1.0
0.3689270064757202,0.922002235602071,0.4292649784144711,-0.8169885864299324,-0.6807004557065603,0.0,1.0,0.0,1.0,0.0
0.37239110982291007,0.9951305855070576,0.4292649784144711,1.6884641771714488,1.865226445558134,1.0,0.0,0.0,0.0,1.0
0.3758552131700999,0.41010378626716465,-0.45399629404328795,-0.685122651503544,-0.6360350714738464,1.0,0.0,0.0,1.0,0.0
0.3793193165172898,-1.125591561737554,-0.45399629404328795,0.6335366977603409,0.25727261318043226,1.0,0.0,1.0,0.0,0.0
0.38278341986447967,0.7026171858871111,0.4292649784144711,1.6884641771714488,1.865226445558134,0.0,1.0,1.0,0.0,0.0
0.3862475232116695,1.433900684936977,-1.337257566501047,1.6884641771714488,0.07861107624957653,1.0,0.0,0.0,0.0,1.0
0.3897116265588594,0.7757455357920977,0.4292649784144711,-0.7906153994446548,-0.653901225166932,1.0,0.0,0.0,1.0,0.0
0.3931757299060492,-0.1749230129727282,1.3125262508722302,0.6335366977603409,1.3292418347655668,1.0,0.0,1.0,0.0,0.0
0.3966398332532391,1.433900684936977,1.3125262508722302,-0.8169885864299324,-0.6360350714738464,1.0,0.0,0.0,1.0,0.0
0.4001039366004289,-0.02866631316275497,-0.45399629404328795,-0.685122651503544,-0.6360350714738464,0.0,1.0,0.0,1.0,0.0
0.4035680399476188,-0.5405647624976612,-1.337257566501047,-0.7906153994446548,-0.7610981473254455,0.0,1.0,0.0,0.0,1.0
0.4070321432948087,-1.0524632118325674,-1.337257566501047,-0.685122651503544,-0.7253658399392744,1.0,0.0,1.0,0.0,0.0
0.4104962466419985,0.41010378626716465,1.3125262508722302,-0.8169885864299324,-0.6360350714738464,0.0,1.0,0.0,0.0,1.0
0.4139603499891884,1.5801573847469503,0.4292649784144711,-0.8169885864299324,-0.6807004557065603,0.0,1.0,0.0,0.0,1.0
0.41742445333637823,-0.10179466306774158,-0.45399629404328795,1.6884641771714488,0.9719187609038553,1.0,0.0,1.0,0.0,0.0
0.4208885566835681,0.5563604860771378,0.4292649784144711,-0.8169885864299324,-0.6807004557065603,1.0,0.0,1.0,0.0,0.0
0.424352660030758,-0.5405647624976612,0.4292649784144711,-0.685122651503544,-0.5467043030084185,0.0,1.0,0.0,1.0,0.0
0.42781676337794783,-0.5405647624976612,0.4292649784144711,0.6335366977603409,0.7932572239729995,1.0,0.0,1.0,0.0,0.0
0.4312808667251377,-0.759949812212621,-1.337257566501047,0.6335366977603409,-0.27871199761213494,0.0,1.0,0.0,1.0,0.0
0.43474497007232754,-1.125591561737554,1.3125262508722302,1.6884641771714488,2.758534130212413,1.0,0.0,0.0,1.0,0.0
0.4382090734195174,1.1413872853170308,-1.337257566501047,-0.685122651503544,-0.7253658399392744,0.0,1.0,0.0,1.0,0.0
0.44167317676670725,-1.6374900110724604,1.3125262508722302,-0.685122651503544,-0.45737353454299073,1.0,0.0,1.0,0.0,0.0
0.44513728011389714,1.5070290348419637,-0.45399629404328795,-0.8169885864299324,-0.7253658399392744,0.0,1.0,0.0,0.0,1.0
0.448601383461087,0.044462036742231634,-0.45399629404328795,-0.685122651503544,-0.6360350714738464,0.0,1.0,0.0,1.0,0.0
0.45206548680827685,1.0682589354120442,0.4292649784144711,-0.7906153994446548,-0.653901225166932,0.0,1.0,0.0,0.0,1.0
0.45552959015546673,-1.125591561737554,1.3125262508722302,-0.8169885864299324,-0.6360350714738464,1.0,0.0,0.0,0.0,1.0
0.45899369350265656,-0.1749230129727282,1.3125262508722302,-0.7906153994446548,-0.6003027640876754,0.0,1.0,1.0,0.0,0.0
0.46245779684984645,1.3607723350319905,1.3125262508722302,1.6884641771714488,2.758534130212413,0.0,1.0,0.0,0.0,1.0
0.46592190019703633,1.5801573847469503,0.4292649784144711,0.6335366977603409,0.7932572239729995,1.0,0.0,0.0,0.0,1.0
0.46938600354422616,-1.4912333112624871,0.4292649784144711,1.6884641771714488,1.865226445558134,1.0,0.0,1.0,0.0,0.0
0.47285010689141604,0.11759038664721824,-0.45399629404328795,0.6335366977603409,0.25727261318043226,0.0,1.0,0.0,1.0,0.0
0.4763142102386059,0.3369754363621781,-1.337257566501047,1.6884641771714488,0.07861107624957653,0.0,1.0,0.0,0.0,1.0
0.47977831358579576,1.5070290348419637,1.3125262508722302,-0.685122651503544,-0.45737353454299073,1.0,0.0,1.0,0.0,0.0
0.4832424169329856,0.7026171858871111,1.3125262508722302,-0.7906153994446548,-0.6003027640876754,1.0,0.0,0.0,0.0,1.0
0.48670652028017547,-0.10179466306774158,-1.337257566501047,0.6335366977603409,-0.27871199761213494,1.0,0.0,0.0,0.0,1.0
0.49017062362736535,0.922002235602071,1.3125262508722302,-0.8169885864299324,-0.6360350714738464,1.0,0.0,0.0,1.0,0.0
0.4936347269745552,-0.9793348619275809,0.4292649784144711,-0.7906153994446548,-0.653901225166932,1.0,0.0,0.0,0.0,1.0
0.49709883032174507,-1.344976611452514,0.4292649784144711,-0.8169885864299324,-0.6807004557065603,0.0,1.0,1.0,0.0,0.0
0.5005629336689349,-0.4674364125926746,1.3125262508722302,-0.7906153994446548,-0.6003027640876754,1.0,0.0,0.0,0.0,1.0
0.5040270370161247,-0.2480513628777148,0.4292649784144711,-0.7906153994446548,-0.653901225166932,0.0,1.0,0.0,1.0,0.0
0.5074911403633147,1.287643985127004,0.4292649784144711,1.6884641771714488,1.865226445558134,0.0,1.0,0.0,1.0,0.0
0.5109552437105045,0.8488738856970843,1.3125262508722302,0.6335366977603409,1.3292418347655668,0.0,1.0,1.0,0.0,0.0
0.5144193470576943,1.2145156352220174,-0.45399629404328795,0.6335366977603409,0.25727261318043226,1.0,0.0,0.0,1.0,0.0
0.5178834504048843,0.9951305855070576,-1.337257566501047,-0.7906153994446548,-0.7610981473254455,0.0,1.0,0.0,0.0,1.0
0.5213475537520741,0.7026171858871111,0.4292649784144711,-0.685122651503544,-0.5467043030084185,0.0,1.0,0.0,1.0,0.0
0.5248116570992639,-0.5405647624976612,-0.45399629404328795,-0.685122651503544,-0.6360350714738464,1.0,0.0,1.0,0.0,0.0
0.5282757604464539,0.922002235602071,0.4292649784144711,-0.8169885864299324,-0.6807004557065603,0.0,1.0,0.0,1.0,0.0
0.5317398637936437,0.044462036742231634,0.4292649784144711,-0.8169885864299324,-0.6807004557065603,0.0,1.0,0.0,1.0,0.0
0.5352039671408335,0.9951305855070576,-1.337257566501047,1.6884641771714488,0.07861107624957653,1.0,0.0,0.0,1.0,0.0
0.5386680704880233,-0.9062065120225943,0.4292649784144711,-0.7906153994446548,-0.653901225166932,0.0,1.0,1.0,0.0,0.0
0.5421321738352133,-0.10179466306774158,-1.337257566501047,-0.8169885864299324,-0.7700312241719883,0.0,1.0,0.0,1.0,0.0
0.5455962771824031,1.287643985127004,-1.337257566501047,-0.8169885864299324,-0.7700312241719883,0.0,1.0,0.0,1.0,0.0
0.5490603805295929,-0.1749230129727282,-1.337257566501047,-0.7906153994446548,-0.7610981473254455,1.0,0.0,0.0,0.0,1.0
0.5525244838767829,-0.2480513628777148,-0.45399629404328795,1.6884641771714488,0.9719187609038553,1.0,0.0,1.0,0.0,0.0
0.5559885872239727,0.19071873655220484,1.3125262508722302,-0.8169885864299324,-0.6360350714738464,1.0,0.0,0.0,1.0,0.0
0.5594526905711625,0.48323213617215127,-0.45399629404328795,1.6884641771714488,0.9719187609038553,0.0,1.0,1.0,0.0,0.0
0.5629167939183524,-1.344976611452514,1.3125262508722302,0.6335366977603409,1.3292418347655668,0.0,1.0,0.0,1.0,0.0
0.5663808972655423,0.19071873655220484,1.3125262508722302,1.6884641771714488,2.758534130212413,1.0,0.0,0.0,1.0,0.0
0.5698450006127321,1.1413872853170308,-1.337257566501047,-0.685122651503544,-0.7253658399392744,0.0,1.0,0.0,1.0,0.0
0.573309103959922,0.7026171858871111,0.4292649784144711,-0.685122651503544,-0.5467043030084185,0.0,1.0,0.0,0.0,1.0
0.5767732073071119,-0.9062065120225943,-1.337257566501047,1.6884641771714488,0.07861107624957653,1.0,0.0,0.0,0.0,1.0
0.5802373106543017,1.5070290348419637,0.4292649784144711,-0.685122651503544,-0.5467043030084185,1.0,0.0,0.0,0.0,1.0
0.5837014140014916,-1.2718482615475273,1.3125262508722302,0.6335366977603409,1.3292418347655668,0.0,1.0,1.0,0.0,0.0
0.5871655173486814,-1.0524632118325674,-1.337257566501047,-0.7906153994446548,-0.7610981473254455,0.0,1.0,1.0,0.0,0.0
0.5906296206958713,1.5070290348419637,0.4292649784144711,-0.685122651503544,-0.5467043030084185,0.0,1.0,0.0,0.0,1.0
0.5940937240430612,-0.5405647624976612,-0.45399629404328795,-0.685122651503544,-0.6360350714738464,1.0,0.0,1.0,0.0,0.0
0.597557827390251,0.11759038664721824,0.4292649784144711,1.6884641771714488,1.865226445558134,1.0,0.0,0.0,1.0,0.0
0.6010219307374409,-0.2480513628777148,-1.337257566501047,0.6335366977603409,-0.27871199761213494,1.0,0.0,0.0,1.0,0.0
0.6044860340846308,0.26384708645719146,-0.45399629404328795,-0.7906153994446548,-0.7074996862461888,1.0,0.0,0.0,1.0,0.0
0.6079501374318206,1.5801573847469503,0.4292649784144711,1.6884641771714488,1.865226445558134,0.0,1.0,0.0,0.0,1.0
0.6114142407790105,-1.6374900110724604,0.4292649784144711,1.6884641771714488,1.865226445558134,1.0,0.0,1.0,0.0,0.0
0.6148783441262003,1.3607723350319905,0.4292649784144711,0.6335366977603409,0.7932572239729995,1.0,0.0,0.0,0.0,1.0
0.6183424474733902,-1.710618360977447,0.4292649784144711,-0.7906153994446548,-0.653901225166932,1.0,0.0,1.0,0.0,0.0
0.62180655082058,0.8488738856970843,0.4292649784144711,0.6335366977603409,0.7932572239729995,1.0,0.0,0.0,1.0,0.0
0.62527065416777,0.11759038664721824,-0.45399629404328795,-0.7906153994446548,-0.7074996862461888,1.0,0.0,0.0,0.0,1.0
0.6287347575149598,0.3369754363621781,1.3125262508722302,0.6335366977603409,1.3292418347655668,0.0,1.0,1.0,0.0,0.0
0.6321988608621496,-0.2480513628777148,-0.45399629404328795,1.6884641771714488,0.9719187609038553,0.0,1.0,1.0,0.0,0.0
0.6356629642093395,-0.9793348619275809,-0.45399629404328795,1.6884641771714488,0.9719187609038553,1.0,0.0,0.0,1.0,0.0
0.6391270675565294,1.1413872853170308,-0.45399629404328795,-0.8169885864299324,-0.7253658399392744,0.0,1.0,0.0,0.0,1.0
0.6425911709037192,-0.9793348619275809,1.3125262508722302,-0.685122651503544,-0.45737353454299073,1.0,0.0,0.0,0.0,1.0
0.646055274250909,0.8488738856970843,-1.337257566501047,0.6335366977603409,-0.27871199761213494,1.0,0.0,0.0,0.0,1.0
0.649519377598099,1.0682589354120442,1.3125262508722302,-0.8169885864299324,-0.6360350714738464,0.0,1.0,0.0,1.0,0.0
0.6529834809452888,1.1413872853170308,-0.45399629404328795,-0.685122651503544,-0.6360350714738464,0.0,1.0,0.0,0.0,1.0
0.6564475842924786,0.7757455357920977,0.4292649784144711,0.6335366977603409,0.7932572239729995,1.0,0.0,0.0,1.0,0.0
0.6599116876396686,0.7026171858871111,0.4292649784144711,-0.7906153994446548,-0.653901225166932,1.0,0.0,0.0,1.0,0.0
0.6633757909868584,1.653285734651937,-0.45399629404328795,-0.685122651503544,-0.6360350714738464,1.0,0.0,0.0,1.0,0.0
0.6668398943340482,-0.02866631316275497,0.4292649784144711,1.6884641771714488,1.865226445558134,0.0,1.0,1.0,0.0,0.0
0.6703039976812382,-0.1749230129727282,-0.45399629404328795,-0.8169885864299324,-0.7253658399392744,1.0,0.0,0.0,0.0,1.0
0.673768101028428,-1.4181049613575005,0.4292649784144711,-0.685122651503544,-0.5467043030084185,1.0,0.0,0.0,0.0,1.0
0.6772322043756178,0.6294888359821245,1.3125262508722302,-0.685122651503544,-0.45737353454299073,1.0,0.0,0.0,1.0,0.0
0.6806963077228076,0.8488738856970843,-1.337257566501047,1.6884641771714488,0.07861107624957653,0.0,1.0,0.0,1.0,0.0
0.6841604110699976,1.653285734651937,-1.337257566501047,0.6335366977603409,-0.27871199761213494,1.0,0.0,0.0,0.0,1.0
0.6876245144171874,-0.3211797127827014,1.3125262508722302,-0.7906153994446548,-0.6003027640876754,1.0,0.0,0.0,1.0,0.0
0.6910886177643772,-0.39430806268768803,1.3125262508722302,1.6884641771714488,2.758534130212413,0.0,1.0,0.0,0.0,1.0
0.6945527211115672,0.7757455357920977,-0.45399629404328795,-0.7906153994446548,-0.7074996862461888,1.0,0.0,1.0,0.0,0.0
0.698016824458757,1.3607723350319905,-0.45399629404328795,0.6335366977603409,0.25727261318043226,1.0,0.0,0.0,1.0,0.0
0.7014809278059468,-0.5405647624976612,-0.45399629404328795,-0.685122651503544,-0.6360350714738464,0.0,1.0,0.0,0.0,1.0
0.7049450311531367,1.5070290348419637,0.4292649784144711,-0.7906153994446548,-0.653901225166932,1.0,0.0,0.0,1.0,0.0
0.7084091345003266,1.3607723350319905,-0.45399629404328795,-0.8169885864299324,-0.7253658399392744,0.0,1.0,0.0,0.0,1.0
0.7118732378475164,0.7026171858871111,1.3125262508722302,-0.8169885864299324,-0.6360350714738464,0.0,1.0,0.0,0.0,1.0
0.7153373411947063,-1.125591561737554,-1.337257566501047,1.6884641771714488,0.07861107624957653,1.0,0.0,0.0,1.0,0.0
0.7188014445418962,0.11759038664721824,0.4292649784144711,0.6335366977603409,0.7932572239729995,1.0,0.0,1.0,0.0,0.0
0.722265547889086,-1.6374900110724604,-0.45399629404328795,1.6884641771714488,0.9719187609038553,1.0,0.0,0.0,0.0,1.0
0.7257296512362759,-1.125591561737554,0.4292649784144711,1.6884641771714488,1.865226445558134,1.0,0.0,0.0,0.0,1.0
0.7291937545834657,-1.125591561737554,0.4292649784144711,1.6884641771714488,1.865226445558134,0.0,1.0,0.0,0.0,1.0
0.7326578579306556,1.1413872853170308,-0.45399629404328795,-0.8169885864299324,-0.7253658399392744,1.0,0.0,1.0,0.0,0.0
0.7361219612778455,-0.5405647624976612,0.4292649784144711,-0.8169885864299324,-0.6807004557065603,0.0,1.0,1.0,0.0,0.0
0.7395860646250353,-1.710618360977447,-1.337257566501047,1.6884641771714488,0.07861107624957653,1.0,0.0,0.0,1.0,0.0
0.7430501679722252,0.044462036742231634,1.3125262508722302,-0.8169885864299324,-0.6360350714738464,1.0,0.0,1.0,0.0,0.0
0.7465142713194151,1.3607723350319905,1.3125262508722302,0.6335366977603409,1.3292418347655668,1.0,0.0,0.0,1.0,0.0
0.7499783746666049,1.1413872853170308,-1.337257566501047,1.6884641771714488,0.07861107624957653,0.0,1.0,0.0,1.0,0.0
0.7534424780137948,1.287643985127004,0.4292649784144711,-0.8169885864299324,-0.6807004557065603,1.0,0.0,1.0,0.0,0.0
0.7569065813609847,0.044462036742231634,-0.45399629404328795,-0.7906153994446548,-0.7074996862461888,1.0,0.0,0.0,1.0,0.0
0.7603706847081745,1.0682589354120442,0.4292649784144711,1.6884641771714488,1.865226445558134,1.0,0.0,1.0,0.0,0.0
0.7638347880553643,0.7757455357920977,-1.337257566501047,1.6884641771714488,0.07861107624957653,1.0,0.0,0.0,1.0,0.0
0.7672988914025543,-1.5643616611674738,0.4292649784144711,0.6335366977603409,0.7932572239729995,0.0,1.0,1.0,0.0,0.0
0.7707629947497441,0.922002235602071,1.3125262508722302,-0.685122651503544,-0.45737353454299073,1.0,0.0,1.0,0.0,0.0
0.7742270980969339,1.433900684936977,0.4292649784144711,-0.685122651503544,-0.5467043030084185,0.0,1.0,0.0,1.0,0.0
0.7776912014441238,1.433900684936977,-1.337257566501047,0.6335366977603409,-0.27871199761213494,0.0,1.0,0.0,0.0,1.0
0.7811553047913137,0.41010378626716465,1.3125262508722302,0.6335366977603409,1.3292418347655668,0.0,1.0,0.0,1.0,0.0
0.7846194081385035,0.9951305855070576,0.4292649784144711,0.6335366977603409,0.7932572239729995,0.0,1.0,1.0,0.0,0.0
0.7880835114856933,0.7026171858871111,0.4292649784144711,-0.685122651503544,-0.5467043030084185,0.0,1.0,0.0,0.0,1.0
0.7915476148328833,-0.9062065120225943,1.3125262508722302,0.6335366977603409,1.3292418347655668,0.0,1.0,0.0,1.0,0.0
0.7950117181800731,-0.39430806268768803,-0.45399629404328795,-0.8169885864299324,-0.7253658399392744,1.0,0.0,0.0,1.0,0.0
0.7984758215272629,0.922002235602071,1.3125262508722302,1.6884641771714488,2.758534130212413,0.0,1.0,0.0,1.0,0.0
0.8019399248744529,1.433900684936977,-0.45399629404328795,1.6884641771714488,0.9719187609038553,0.0,1.0,0.0,0.0,1.0
0.8054040282216427,-0.5405647624976612,-1.337257566501047,-0.7906153994446548,-0.7610981473254455,0.0,1.0,1.0,0.0,0.0
0.8088681315688325,-1.0524632118325674,-1.337257566501047,-0.7906153994446548,-0.7610981473254455,1.0,0.0,0.0,1.0,0.0
0.8123322349160224,1.653285734651937,1.3125262508722302,1.6884641771714488,2.758534130212413,1.0,0.0,0.0,1.0,0.0
0.8157963382632123,-0.9062065120225943,1.3125262508722302,-0.8169885864299324,-0.6360350714738464,0.0,1.0,0.0,1.0,0.0
0.8192604416104021,-0.6136931124026478,-1.337257566501047,-0.685122651503544,-0.7253658399392744,1.0,0.0,0.0,1.0,0.0
0.822724544957592,-0.02866631316275497,-0.45399629404328795,-0.685122651503544,-0.6360350714738464,0.0,1.0,0.0,1.0,0.0
0.8261886483047819,-0.39430806268768803,-1.337257566501047,-0.8169885864299324,-0.7700312241719883,0.0,1.0,1.0,0.0,0.0
0.8296527516519717,-1.1987199116425407,1.3125262508722302,-0.685122651503544,-0.45737353454299073,1.0,0.0,1.0,0.0,0.0
0.8331168549991615,0.48323213617215127,-1.337257566501047,0.6335366977603409,-0.27871199761213494,0.0,1.0,0.0,1.0,0.0
0.8365809583463515,-0.2480513628777148,1.3125262508722302,1.6884641771714488,2.758534130212413,1.0,0.0,0.0,0.0,1.0
0.8400450616935413,-0.5405647624976612,1.3125262508722302,1.6884641771714488,2.758534130212413,1.0,0.0,1.0,0.0,0.0
0.8435091650407311,-0.10179466306774158,-1.337257566501047,-0.8169885864299324,-0.7700312241719883,0.0,1.0,0.0,0.0,1.0
0.846973268387921,0.922002235602071,-0.45399629404328795,-0.685122651503544,-0.6360350714738464,0.0,1.0,1.0,0.0,0.0
0.8504373717351109,-0.6136931124026478,0.4292649784144711,-0.7906153994446548,-0.653901225166932,1.0,0.0,0.0,1.0,0.0
0.8539014750823007,-1.344976611452514,-1.337257566501047,-0.7906153994446548,-0.7610981473254455,0.0,1.0,1.0,0.0,0.0
0.8573655784294906,-1.1987199116425407,0.4292649784144711,-0.685122651503544,-0.5467043030084185,0.0,1.0,0.0,1.0,0.0
0.8608296817766805,0.044462036742231634,-1.337257566501047,-0.7906153994446548,-0.7610981473254455,0.0,1.0,1.0,0.0,0.0
0.8642937851238703,-0.4674364125926746,0.4292649784144711,-0.8169885864299324,-0.6807004557065603,1.0,0.0,0.0,1.0,0.0
0.8677578884710602,0.044462036742231634,-0.45399629404328795,-0.8169885864299324,-0.7253658399392744,1.0,0.0,0.0,1.0,0.0
0.87122199181825,-0.9062065120225943,-0.45399629404328795,-0.685122651503544,-0.6360350714738464,0.0,1.0,0.0,1.0,0.0
0.8746860951654399,-0.6868214623076344,-1.337257566501047,-0.7906153994446548,-0.7610981473254455,1.0,0.0,0.0,1.0,0.0
0.8781501985126298,0.11759038664721824,1.3125262508722302,-0.8169885864299324,-0.6360350714738464,1.0,0.0,0.0,0.0,1.0
0.8816143018598196,1.2145156352220174,0.4292649784144711,-0.8169885864299324,-0.6807004557065603,1.0,0.0,0.0,1.0,0.0
0.8850784052070095,1.5070290348419637,1.3125262508722302,0.6335366977603409,1.3292418347655668,1.0,0.0,0.0,0.0,1.0
0.8885425085541994,0.11759038664721824,1.3125262508722302,0.6335366977603409,1.3292418347655668,1.0,0.0,0.0,0.0,1.0
0.8920066119013892,1.653285734651937,1.3125262508722302,-0.8169885864299324,-0.6360350714738464,0.0,1.0,0.0,1.0,0.0
0.895470715248579,0.5563604860771378,-0.45399629404328795,-0.685122651503544,-0.6360350714738464,0.0,1.0,0.0,0.0,1.0
0.898934818595769,-1.0524632118325674,-1.337257566501047,1.6884641771714488,0.07861107624957653,0.0,1.0,1.0,0.0,0.0
0.9023989219429588,-0.6136931124026478,-1.337257566501047,1.6884641771714488,0.07861107624957653,1.0,0.0,0.0,1.0,0.0
0.9058630252901486,-1.2718482615475273,-0.45399629404328795,-0.8169885864299324,-0.7253658399392744,1.0,0.0,0.0,0.0,1.0
0.9093271286373386,-0.5405647624976612,-0.45399629404328795,-0.8169885864299324,-0.7253658399392744,0.0,1.0,0.0,1.0,0.0
0.9127912319845284,-0.10179466306774158,-1.337257566501047,-0.8169885864299324,-0.7700312241719883,1.0,0.0,0.0,1.0,0.0
0.9162553353317182,0.11759038664721824,1.3125262508722302,-0.685122651503544,-0.45737353454299073,0.0,1.0,0.0,1.0,0.0
0.9197194386789082,-0.2480513628777148,0.4292649784144711,0.6335366977603409,0.7932572239729995,0.0,1.0,0.0,0.0,1.0
0.923183542026098,-0.1749230129727282,0.4292649784144711,-0.8169885864299324,-0.6807004557065603,0.0,1.0,1.0,0.0,0.0
0.9266476453732878,-1.2718482615475273,0.4292649784144711,-0.8169885864299324,-0.6807004557065603,1.0,0.0,1.0,0.0,0.0
0.9301117487204776,-0.759949812212621,1.3125262508722302,-0.7906153994446548,-0.6003027640876754,1.0,0.0,0.0,0.0,1.0
0.9335758520676676,-0.6868214623076344,-1.337257566501047,-0.685122651503544,-0.7253658399392744,0.0,1.0,0.0,1.0,0.0
0.9370399554148574,-1.2718482615475273,-0.45399629404328795,-0.8169885864299324,-0.7253658399392744,0.0,1.0,0.0,0.0,1.0
0.9405040587620472,-1.125591561737554,-1.337257566501047,-0.7906153994446548,-0.7610981473254455,0.0,1.0,0.0,0.0,1.0
0.9439681621092372,-1.1987199116425407,1.3125262508722302,1.6884641771714488,2.758534130212413,0.0,1.0,0.0,0.0,1.0
0.947432265456427,-0.10179466306774158,-0.45399629404328795,-0.8169885864299324,-0.7253658399392744,1.0,0.0,0.0,1.0,0.0
0.9508963688036168,0.3369754363621781,1.3125262508722302,-0.8169885864299324,-0.6360350714738464,1.0,0.0,0.0,0.0,1.0
0.9543604721508067,-0.4674364125926746,0.4292649784144711,-0.7906153994446548,-0.653901225166932,0.0,1.0,0.0,1.0,0.0
0.9578245754979966,0.48323213617215127,0.4292649784144711,-0.685122651503544,-0.5467043030084185,0.0,1.0,0.0,0.0,1.0
0.9612886788451864,0.41010378626716465,1.3125262508722302,-0.8169885864299324,-0.6360350714738464,1.0,0.0,1.0,0.0,0.0
0.9647527821923763,1.0682589354120442,-0.45399629404328795,1.6884641771714488,0.9719187609038553,1.0,0.0,0.0,0.0,1.0
0.9682168855395662,0.7757455357920977,-0.45399629404328795,-0.8169885864299324,-0.7253658399392744,0.0,1.0,0.0,0.0,1.0
0.971680988886756,-0.4674364125926746,-1.337257566501047,1.6884641771714488,0.07861107624957653,0.0,1.0,1.0,0.0,0.0
0.9751450922339459,1.287643985127004,0.4292649784144711,0.6335366977603409,0.7932572239729995,0.0,1.0,0.0,1.0,0.0
0.9786091955811357,1.0682589354120442,-1.337257566501047,0.6335366977603409,-0.27871199761213494,1.0,0.0,0.0,1.0,0.0
0.9820732989283256,-0.5405647624976612,-1.337257566501047,1.6884641771714488,0.07861107624957653,1.0,0.0,0.0,0.0,1.0
0.9855374022755155,-0.759949812212621,1.3125262508722302,-0.685122651503544,-0.45737353454299073,1.0,0.0,1.0,0.0,0.0
0.9890015056227053,0.48323213617215127,1.3125262508722302,-0.8169885864299324,-0.6360350714738464,0.0,1.0,0.0,1.0,0.0
0.9924656089698952,-0.02866631316275497,-1.337257566501047,-0.8169885864299324,-0.7700312241719883,0.0,1.0,0.0,0.0,1.0
0.995929712317085,0.7757455357920977,0.4292649784144711,0.6335366977603409,0.7932572239729995,1.0,0.0,1.0,0.0,0.0
0.9993938156642749,1.433900684936977,1.3125262508722302,1.6884641771714488,2.758534130212413,1.0,0.0,0.0,1.0,0.0
1.0028579190114648,1.5070290348419637,-1.337257566501047,-0.8169885864299324,-0.7700312241719883,0.0,1.0,0.0,1.0,0.0
1.0063220223586546,0.7026171858871111,-1.337257566501047,-0.8169885864299324,-0.7700312241719883,1.0,0.0,1.0,0.0,0.0
1.0097861257058445,-1.5643616611674738,-1.337257566501047,-0.685122651503544,-0.7253658399392744,1.0,0.0,1.0,0.0,0.0
1.0132502290530343,0.922002235602071,-1.337257566501047,-0.7906153994446548,-0.7610981473254455,0.0,1.0,1.0,0.0,0.0
1.0167143324002241,1.3607723350319905,-1.337257566501047,0.6335366977603409,-0.27871199761213494,1.0,0.0,1.0,0.0,0.0
1.0201784357474142,1.1413872853170308,-1.337257566501047,0.6335366977603409,-0.27871199761213494,0.0,1.0,0.0,0.0,1.0
1.023642539094604,0.11759038664721824,1.3125262508722302,-0.7906153994446548,-0.6003027640876754,0.0,1.0,1.0,0.0,0.0
1.0271066424417938,-0.10179466306774158,0.4292649784144711,-0.8169885864299324,-0.6807004557065603,0.0,1.0,0.0,1.0,0.0
1.0305707457889837,1.433900684936977,-1.337257566501047,-0.685122651503544,-0.7253658399392744,0.0,1.0,0.0,1.0,0.0
1.0340348491361735,1.0682589354120442,-0.45399629404328795,-0.685122651503544,-0.6360350714738464,0.0,1.0,0.0,0.0,1.0
1.0374989524833633,-0.6868214623076344,1.3125262508722302,0.6335366977603409,1.3292418347655668,0.0,1.0,0.0,1.0,0.0
1.0409630558305532,-1.4912333112624871,1.3125262508722302,-0.685122651503544,-0.45737353454299073,0.0,1.0,0.0,1.0,0.0
1.0444271591777432,0.3369754363621781,-1.337257566501047,-0.7906153994446548,-0.7610981473254455,1.0,0.0,1.0,0.0,0.0
1.047891262524933,-0.1749230129727282,1.3125262508722302,-0.8169885864299324,-0.6360350714738464,0.0,1.0,0.0,1.0,0.0
1.0513553658721229,0.044462036742231634,-1.337257566501047,-0.7906153994446548,-0.7610981473254455,0.0,1.0,0.0,0.0,1.0
1.0548194692193127,-0.8330781621176077,0.4292649784144711,1.6884641771714488,1.865226445558134,1.0,0.0,1.0,0.0,0.0
1.0582835725665025,-0.4674364125926746,0.4292649784144711,0.6335366977603409,0.7932572239729995,1.0,0.0,1.0,0.0,0.0
1.0617476759136923,0.6294888359821245,1.3125262508722302,-0.685122651503544,-0.45737353454299073,1.0,0.0,0.0,0.0,1.0
1.0652117792608822,-0.6136931124026478,1.3125262508722302,1.6884641771714488,2.758534130212413,0.0,1.0,1.0,0.0,0.0
1.0686758826080722,1.5070290348419637,-0.45399629404328795,-0.685122651503544,-0.6360350714738464,1.0,0.0,1.0,0.0,0.0
1.072139985955262,1.287643985127004,1.3125262508722302,-0.8169885864299324,-0.6360350714738464,0.0,1.0,0.0,0.0,1.0
1.0756040893024519,1.433900684936977,-0.45399629404328795,-0.8169885864299324,-0.7253658399392744,0.0,1.0,1.0,0.0,0.0
1.0790681926496417,-1.6374900110724604,0.4292649784144711,-0.8169885864299324,-0.6807004557065603,0.0,1.0,0.0,0.0,1.0
1.0825322959968315,0.7757455357920977,0.4292649784144711,-0.685122651503544,-0.5467043030084185,0.0,1.0,0.0,0.0,1.0
1.0859963993440214,1.287643985127004,-1.337257566501047,1.6884641771714488,0.07861107624957653,1.0,0.0,0.0,1.0,0.0
1.0894605026912112,0.7026171858871111,0.4292649784144711,-0.8169885864299324,-0.6807004557065603,1.0,0.0,0.0,1.0,0.0
1.0929246060384012,0.41010378626716465,-0.45399629404328795,1.6884641771714488,0.9719187609038553,0.0,1.0,1.0,0.0,0.0
1.096388709385591,-0.8330781621176077,1.3125262508722302,-0.685122651503544,-0.45737353454299073,0.0,1.0,1.0,0.0,0.0
1.099852812732781,-0.8330781621176077,-1.337257566501047,1.6884641771714488,0.07861107624957653,0.0,1.0,0.0,0.0,1.0
1.1033169160799707,-0.4674364125926746,-0.45399629404328795,-0.685122651503544,-0.6360350714738464,1.0,0.0,1.0,0.0,0.0
1.1067810194271606,0.5563604860771378,1.3125262508722302,-0.685122651503544,-0.45737353454299073,0.0,1.0,0.0,0.0,1.0
1.1102451227743504,0.5563604860771378,-1.337257566501047,0.6335366977603409,-0.27871199761213494,0.0,1.0,0.0,0.0,1.0
1.1137092261215402,0.7757455357920977,0.4292649784144711,-0.685122651503544,-0.5467043030084185,1.0,0.0,1.0,0.0,0.0
1.1171733294687303,1.0682589354120442,-0.45399629404328795,-0.685122651503544,-0.6360350714738464,1.0,0.0,0.0,0.0,1.0
1.12063743281592,1.5801573847469503,1.3125262508722302,-0.7906153994446548,-0.6003027640876754,0.0,1.0,0.0,1.0,0.0
1.12410153616311,0.3369754363621781,-1.337257566501047,-0.8169885864299324,-0.7700312241719883,1.0,0.0,1.0,0.0,0.0
1.1275656395102998,0.3369754363621781,-1.337257566501047,0.6335366977603409,-0.27871199761213494,1.0,0.0,0.0,1.0,0.0
1.1310297428574896,1.433900684936977,0.4292649784144711,0.6335366977603409,0.7932572239729995,0.0,1.0,1.0,0.0,0.0
1.1344938462046794,-0.6136931124026478,1.3125262508722302,0.6335366977603409,1.3292418347655668,1.0,0.0,0.0,0.0,1.0
1.1379579495518692,1.433900684936977,0.4292649784144711,-0.7906153994446548,-0.653901225166932,0.0,1.0,1.0,0.0,0.0
1.1414220528990593,1.653285734651937,0.4292649784144711,-0.685122651503544,-0.5467043030084185,1.0,0.0,0.0,1.0,0.0
1.1448861562462491,-1.0524632118325674,1.3125262508722302,-0.8169885864299324,-0.6360350714738464,0.0,1.0,0.0,0.0,1.0
1.148350259593439,0.41010378626716465,1.3125262508722302,1.6884641771714488,2.758534130212413,0.0,1.0,1.0,0.0,0.0
1.1518143629406288,0.044462036742231634,1.3125262508722302,-0.685122651503544,-0.45737353454299073,0.0,1.0,1.0,0.0,0.0
1.1552784662878186,1.0682589354120442,-0.45399629404328795,-0.7906153994446548,-0.7074996862461888,1.0,0.0,1.0,0.0,0.0
1.1587425696350084,-0.3211797127827014,1.3125262508722302,-0.685122651503544,-0.45737353454299073,0.0,1.0,0.0,1.0,0.0
1.1622066729821983,-1.4181049613575005,-1.337257566501047,-0.685122651503544,-0.7253658399392744,1.0,0.0,0.0,1.0,0.0
1.1656707763293883,-1.710618360977447,0.4292649784144711,-0.7906153994446548,-0.653901225166932,0.0,1.0,1.0,0.0,0.0
1.1691348796765781,0.41010378626716465,-0.45399629404328795,0.6335366977603409,0.25727261318043226,0.0,1.0,0.0,0.0,1.0
1.172598983023768,-1.5643616611674738,1.3125262508722302,0.6335366977603409,1.3292418347655668,1.0,0.0,0.0,0.0,1.0
1.1760630863709578,1.5070290348419637,-0.45399629404328795,-0.8169885864299324,-0.7253658399392744,0.0,1.0,0.0,1.0,0.0
1.1795271897181476,-0.759949812212621,1.3125262508722302,-0.8169885864299324,-0.6360350714738464,0.0,1.0,0.0,0.0,1.0
1.1829912930653375,0.41010378626716465,-0.45399629404328795,0.6335366977603409,0.25727261318043226,1.0,0.0,0.0,1.0,0.0
1.1864553964125275,-1.4912333112624871,0.4292649784144711,1.6884641771714488,1.865226445558134,0.0,1.0,1.0,0.0,0.0
1.1899194997597173,-0.4674364125926746,0.4292649784144711,-0.685122651503544,-0.5467043030084185,0.0,1.0,0.0,1.0,0.0
1.1933836031069072,0.922002235602071,-1.337257566501047,1.6884641771714488,0.07861107624957653,0.0,1.0,0.0,1.0,0.0
1.196847706454097,0.044462036742231634,-1.337257566501047,-0.685122651503544,-0.7253658399392744,0.0,1.0,1.0,0.0,0.0
1.2003118098012868,-1.710618360977447,1.3125262508722302,0.6335366977603409,1.3292418347655668,1.0,0.0,0.0,0.0,1.0
1.2037759131484767,1.5801573847469503,0.4292649784144711,-0.8169885864299324,-0.6807004557065603,1.0,0.0,0.0,1.0,0.0
1.2072400164956665,-0.6868214623076344,-0.45399629404328795,-0.8169885864299324,-0.7253658399392744,0.0,1.0,0.0,1.0,0.0
1.2107041198428565,-1.125591561737554,-0.45399629404328795,1.6884641771714488,0.9719187609038553,1.0,0.0,1.0,0.0,0.0
1.2141682231900464,-0.6868214623076344,-0.45399629404328795,-0.8169885864299324,-0.7253658399392744,0.0,1.0,0.0,0.0,1.0
1.2176323265372362,-0.02866631316275497,-1.337257566501047,0.6335366977603409,-0.27871199761213494,1.0,0.0,0.0,1.0,0.0
1.221096429884426,-1.4912333112624871,-0.45399629404328795,1.6884641771714488,0.9719187609038553,0.0,1.0,1.0,0.0,0.0
1.2245605332316158,-0.9062065120225943,-1.337257566501047,-0.685122651503544,-0.7253658399392744,0.0,1.0,0.0,1.0,0.0
1.2280246365788057,0.922002235602071,-1.337257566501047,-0.8169885864299324,-0.7700312241719883,0.0,1.0,1.0,0.0,0.0
1.2314887399259955,0.922002235602071,1.3125262508722302,-0.7906153994446548,-0.6003027640876754,0.0,1.0,0.0,0.0,1.0
1.2349528432731856,1.3607723350319905,-0.45399629404328795,-0.8169885864299324,-0.7253658399392744,0.0,1.0,0.0,0.0,1.0
1.2384169466203754,-1.344976611452514,-0.45399629404328795,-0.685122651503544,-0.6360350714738464,0.0,1.0,0.0,0.0,1.0
1.2418810499675652,1.0682589354120442,0.4292649784144711,1.6884641771714488,1.865226445558134,1.0,0.0,0.0,0.0,1.0
1.245345153314755,1.5801573847469503,1.3125262508722302,-0.685122651503544,-0.45737353454299073,0.0,1.0,0.0,1.0,0.0
1.2488092566619449,-0.02866631316275497,0.4292649784144711,-0.7906153994446548,-0.653901225166932,1.0,0.0,0.0,1.0,0.0
1.2522733600091347,-0.9793348619275809,1.3125262508722302,0.6335366977603409,1.3292418347655668,0.0,1.0,0.0,0.0,1.0
1.2557374633563245,-0.8330781621176077,-0.45399629404328795,-0.8169885864299324,-0.7253658399392744,1.0,0.0,0.0,0.0,1.0
1.2592015667035146,0.7026171858871111,-1.337257566501047,1.6884641771714488,0.07861107624957653,1.0,0.0,0.0,0.0,1.0
1.2626656700507044,0.044462036742231634,-1.337257566501047,0.6335366977603409,-0.27871199761213494,1.0,0.0,0.0,1.0,0.0
1.2661297733978942,-1.2718482615475273,-1.337257566501047,-0.685122651503544,-0.7253658399392744,0.0,1.0,0.0,0.0,1.0
1.269593876745084,-1.4912333112624871,-1.337257566501047,1.6884641771714488,0.07861107624957653,0.0,1.0,0.0,0.0,1.0
1.2730579800922739,-1.1987199116425407,-1.337257566501047,0.6335366977603409,-0.27871199761213494,1.0,0.0,0.0,0.0,1.0
1.2765220834394637,-0.3211797127827014,0.4292649784144711,1.6884641771714488,1.865226445558134,0.0,1.0,1.0,0.0,0.0
1.2799861867866535,0.3369754363621781,1.3125262508722302,-0.7906153994446548,-0.6003027640876754,1.0,0.0,0.0,0.0,1.0
1.2834502901338436,1.5070290348419637,-0.45399629404328795,-0.7906153994446548,-0.7074996862461888,0.0,1.0,1.0,0.0,0.0
1.2869143934810334,1.5801573847469503,0.4292649784144711,-0.8169885864299324,-0.6807004557065603,1.0,0.0,1.0,0.0,0.0
1.2903784968282233,-1.0524632118325674,1.3125262508722302,-0.8169885864299324,-0.6360350714738464,1.0,0.0,0.0,0.0,1.0
1.293842600175413,1.3607723350319905,-1.337257566501047,-0.7906153994446548,-0.7610981473254455,0.0,1.0,1.0,0.0,0.0
1.297306703522603,0.7026171858871111,1.3125262508722302,1.6884641771714488,2.758534130212413,1.0,0.0,0.0,0.0,1.0
1.3007708068697927,0.11759038664721824,1.3125262508722302,-0.7906153994446548,-0.6003027640876754,0.0,1.0,0.0,1.0,0.0
1.3042349102169826,1.2145156352220174,-1.337257566501047,-0.8169885864299324,-0.7700312241719883,1.0,0.0,0.0,1.0,0.0
1.3076990135641726,-1.5643616611674738,-1.337257566501047,-0.7906153994446548,-0.7610981473254455,1.0,0.0,0.0,1.0,0.0
1.3111631169113624,-1.344976611452514,-1.337257566501047,-0.7906153994446548,-0.7610981473254455,0.0,1.0,0.0,1.0,0.0
1.3146272202585523,-1.4181049613575005,-0.45399629404328795,1.6884641771714488,0.9719187609038553,0.0,1.0,1.0,0.0,0.0
1.318091323605742,-1.4181049613575005,-1.337257566501047,0.6335366977603409,-0.27871199761213494,0.0,1.0,0.0,0.0,1.0
1.321555426952932,1.653285734651937,-0.45399629404328795,-0.8169885864299324,-0.7253658399392744,1.0,0.0,0.0,0.0,1.0
1.3250195303001218,-0.10179466306774158,-1.337257566501047,1.6884641771714488,0.07861107624957653,0.0,1.0,0.0,0.0,1.0
1.3284836336473116,-1.125591561737554,-0.45399629404328795,-0.7906153994446548,-0.7074996862461888,1.0,0.0,0.0,1.0,0.0
1.3319477369945016,0.7757455357920977,1.3125262508722302,-0.7906153994446548,-0.6003027640876754,1.0,0.0,0.0,1.0,0.0
1.3354118403416915,-0.3211797127827014,0.4292649784144711,0.6335366977603409,0.7932572239729995,0.0,1.0,0.0,0.0,1.0
1.3388759436888813,1.287643985127004,1.3125262508722302,-0.8169885864299324,-0.6360350714738464,0.0,1.0,0.0,1.0,0.0
1.3423400470360711,0.7757455357920977,1.3125262508722302,-0.8169885864299324,-0.6360350714738464,1.0,0.0,0.0,0.0,1.0
1.345804150383261,-0.4674364125926746,-1.337257566501047,-0.685122651503544,-0.7253658399392744,1.0,0.0,0.0,0.0,1.0
1.3492682537304508,-0.5405647624976612,-0.45399629404328795,-0.8169885864299324,-0.7253658399392744,0.0,1.0,0.0,0.0,1.0
1.3527323570776408,-0.02866631316275497,0.4292649784144711,0.6335366977603409,0.7932572239729995,0.0,1.0,0.0,0.0,1.0
1.3561964604248307,-1.5643616611674738,-1.337257566501047,-0.685122651503544,-0.7253658399392744,0.0,1.0,0.0,0.0,1.0
1.3596605637720205,0.5563604860771378,-1.337257566501047,-0.685122651503544,-0.7253658399392744,0.0,1.0,0.0,0.0,1.0
1.3631246671192103,0.7757455357920977,-1.337257566501047,-0.7906153994446548,-0.7610981473254455,0.0,1.0,0.0,0.0,1.0
1.3665887704664001,0.9951305855070576,1.3125262508722302,-0.7906153994446548,-0.6003027640876754,1.0,0.0,0.0,1.0,0.0
1.37005287381359,-0.8330781621176077,-0.45399629404328795,-0.8169885864299324,-0.7253658399392744,1.0,0.0,0.0,0.0,1.0
1.3735169771607798,1.653285734651937,-0.45399629404328795,-0.685122651503544,-0.6360350714738464,1.0,0.0,0.0,0.0,1.0
1.3769810805079699,0.044462036742231634,0.4292649784144711,-0.7906153994446548,-0.653901225166932,1.0,0.0,0.0,1.0,0.0
1.3804451838551597,-1.125591561737554,-0.45399629404328795,0.6335366977603409,0.25727261318043226,0.0,1.0,0.0,1.0,0.0
1.3839092872023495,-1.4912333112624871,-0.45399629404328795,-0.7906153994446548,-0.7074996862461888,0.0,1.0,0.0,1.0,0.0
1.3873733905495393,-0.759949812212621,-1.337257566501047,-0.7906153994446548,-0.7610981473254455,0.0,1.0,0.0,0.0,1.0
1.3908374938967292,0.922002235602071,-1.337257566501047,-0.685122651503544,-0.7253658399392744,1.0,0.0,1.0,0.0,0.0
1.394301597243919,0.7026171858871111,1.3125262508722302,-0.685122651503544,-0.45737353454299073,1.0,0.0,1.0,0.0,0.0
1.3977657005911088,-0.9793348619275809,-1.337257566501047,1.6884641771714488,0.07861107624957653,0.0,1.0,0.0,1.0,0.0
1.4012298039382989,1.2145156352220174,-1.337257566501047,0.6335366977603409,-0.27871199761213494,0.0,1.0,1.0,0.0,0.0
1.4046939072854887,-1.5643616611674738,-1.337257566501047,-0.685122651503544,-0.7253658399392744,1.0,0.0,0.0,1.0,0.0
1.4081580106326785,0.26384708645719146,-1.337257566501047,-0.8169885864299324,-0.7700312241719883,1.0,0.0,0.0,0.0,1.0
1.4116221139798684,0.3369754363621781,1.3125262508722302,0.6335366977603409,1.3292418347655668,0.0,1.0,1.0,0.0,0.0
1.4150862173270582,-1.125591561737554,-1.337257566501047,0.6335366977603409,-0.27871199761213494,0.0,1.0,0.0,0.0,1.0
1.418550320674248,-1.5643616611674738,0.4292649784144711,-0.685122651503544,-0.5467043030084185,1.0,0.0,1.0,0.0,0.0
1.4220144240214379,0.044462036742231634,0.4292649784144711,0.6335366977603409,0.7932572239729995,0.0,1.0,0.0,0.0,1.0
1.425478527368628,0.7026171858871111,0.4292649784144711,-0.685122651503544,-0.5467043030084185,0.0,1.0,1.0,0.0,0.0
1.4289426307158177,-0.9062065120225943,0.4292649784144711,-0.7906153994446548,-0.653901225166932,0.0,1.0,0.0,0.0,1.0
1.4324067340630076,1.287643985127004,-1.337257566501047,1.6884641771714488,0.07861107624957653,1.0,0.0,0.0,0.0,1.0
1.4358708374101974,-1.125591561737554,0.4292649784144711,-0.7906153994446548,-0.653901225166932,1.0,0.0,1.0,0.0,0.0
1.4393349407573872,-0.6868214623076344,-1.337257566501047,-0.685122651503544,-0.7253658399392744,1.0,0.0,0.0,0.0,1.0
1.442799044104577,1.1413872853170308,1.3125262508722302,-0.685122651503544,-0.45737353454299073,1.0,0.0,0.0,0.0,1.0
1.4462631474517669,0.044462036742231634,0.4292649784144711,-0.7906153994446548,-0.653901225166932,1.0,0.0,0.0,0.0,1.0
1.449727250798957,-1.4181049613575005,-0.45399629404328795,-0.8169885864299324,-0.7253658399392744,1.0,0.0,1.0,0.0,0.0
1.4531913541461468,-0.9793348619275809,0.4292649784144711,-0.8169885864299324,-0.6807004557065603,1.0,0.0,1.0,0.0,0.0
1.4566554574933366,0.7026171858871111,0.4292649784144711,-0.8169885864299324,-0.6807004557065603,0.0,1.0,0.0,0.0,1.0
1.4601195608405264,-0.02866631316275497,-1.337257566501047,-0.685122651503544,-0.7253658399392744,0.0,1.0,0.0,0.0,1.0
1.4635836641877162,-0.6868214623076344,0.4292649784144711,0.6335366977603409,0.7932572239729995,0.0,1.0,1.0,0.0,0.0
1.467047767534906,0.9951305855070576,-0.45399629404328795,-0.685122651503544,-0.6360350714738464,0.0,1.0,1.0,0.0,0.0
1.470511870882096,-1.1987199116425407,-1.337257566501047,0.6335366977603409,-0.27871199761213494,0.0,1.0,0.0,0.0,1.0
1.473975974229286,-1.4181049613575005,-1.337257566501047,-0.7906153994446548,-0.7610981473254455,0.0,1.0,0.0,0.0,1.0
1.4774400775764758,0.11759038664721824,1.3125262508722302,1.6884641771714488,2.758534130212413,0.0,1.0,0.0,0.0,1.0
1.4809041809236656,-0.4674364125926746,1.3125262508722302,0.6335366977603409,1.3292418347655668,1.0,0.0,0.0,1.0,0.0
1.4843682842708554,-1.344976611452514,0.4292649784144711,-0.8169885864299324,-0.6807004557065603,1.0,0.0,1.0,0.0,0.0
1.4878323876180453,0.922002235602071,1.3125262508722302,-0.685122651503544,-0.45737353454299073,0.0,1.0,0.0,1.0,0.0
1.491296490965235,-0.8330781621176077,1.3125262508722302,-0.7906153994446548,-0.6003027640876754,0.0,1.0,1.0,0.0,0.0
1.4947605943124251,0.26384708645719146,1.3125262508722302,-0.8169885864299324,-0.6360350714738464,1.0,0.0,1.0,0.0,0.0
1.498224697659615,-1.4181049613575005,-1.337257566501047,-0.7906153994446548,-0.7610981473254455,0.0,1.0,1.0,0.0,0.0
1.5016888010068048,-0.8330781621176077,-1.337257566501047,1.6884641771714488,0.07861107624957653,0.0,1.0,1.0,0.0,0.0
1.5051529043539946,-0.5405647624976612,-1.337257566501047,-0.685122651503544,-0.7253658399392744,1.0,0.0,1.0,0.0,0.0
1.5086170077011845,1.1413872853170308,1.3125262508722302,-0.685122651503544,-0.45737353454299073,0.0,1.0,1.0,0.0,0.0
1.5120811110483743,1.5070290348419637,-1.337257566501047,1.6884641771714488,0.07861107624957653,1.0,0.0,1.0,0.0,0.0
1.515545214395564,0.5563604860771378,1.3125262508722302,-0.685122651503544,-0.45737353454299073,0.0,1.0,0.0,1.0,0.0
1.5190093177427542,0.3369754363621781,-1.337257566501047,0.6335366977603409,-0.27871199761213494,1.0,0.0,0.0,0.0,1.0
1.522473421089944,-1.5643616611674738,-1.337257566501047,-0.7906153994446548,-0.7610981473254455,1.0,0.0,0.0,0.0,1.0
1.5259375244371338,1.1413872853170308,-0.45399629404328795,-0.8169885864299324,-0.7253658399392744,1.0,0.0,0.0,1.0,0.0
1.5294016277843236,0.7026171858871111,0.4292649784144711,1.6884641771714488,1.865226445558134,0.0,1.0,0.0,1.0,0.0
1.5328657311315135,1.1413872853170308,1.3125262508722302,0.6335366977603409,1.3292418347655668,1.0,0.0,0.0,1.0,0.0
1.5363298344787033,0.19071873655220484,-0.45399629404328795,-0.8169885864299324,-0.7253658399392744,0.0,1.0,0.0,1.0,0.0
1.5397939378258931,-0.8330781621176077,-1.337257566501047,-0.8169885864299324,-0.7700312241719883,0.0,1.0,1.0,0.0,0.0
1.5432580411730832,1.5070290348419637,1.3125262508722302,1.6884641771714488,2.758534130212413,0.0,1.0,0.0,0.0,1.0
1.546722144520273,0.6294888359821245,-1.337257566501047,0.6335366977603409,-0.27871199761213494,0.0,1.0,1.0,0.0,0.0
1.5501862478674628,-1.344976611452514,0.4292649784144711,-0.8169885864299324,-0.6807004557065603,1.0,0.0,0.0,0.0,1.0
1.5536503512146527,-0.02866631316275497,-0.45399629404328795,-0.8169885864299324,-0.7253658399392744,1.0,0.0,0.0,0.0,1.0
1.5571144545618425,-0.39430806268768803,0.4292649784144711,0.6335366977603409,0.7932572239729995,0.0,1.0,0.0,1.0,0.0
1.5605785579090323,-0.6136931124026478,-0.45399629404328795,-0.685122651503544,-0.6360350714738464,0.0,1.0,1.0,0.0,0.0
1.5640426612562222,1.1413872853170308,-1.337257566501047,-0.8169885864299324,-0.7700312241719883,1.0,0.0,0.0,1.0,0.0
1.5675067646034122,0.26384708645719146,0.4292649784144711,-0.7906153994446548,-0.653901225166932,0.0,1.0,1.0,0.0,0.0
1.570970867950602,0.6294888359821245,0.4292649784144711,0.6335366977603409,0.7932572239729995,1.0,0.0,0.0,0.0,1.0
1.5744349712977919,1.2145156352220174,-1.337257566501047,-0.8169885864299324,-0.7700312241719883,0.0,1.0,0.0,1.0,0.0
1.5778990746449817,-0.8330781621176077,0.4292649784144711,1.6884641771714488,1.865226445558134,0.0,1.0,0.0,1.0,0.0
1.5813631779921715,1.3607723350319905,1.3125262508722302,-0.7906153994446548,-0.6003027640876754,1.0,0.0,0.0,0.0,1.0
1.5848272813393613,1.5070290348419637,-0.45399629404328795,-0.8169885864299324,-0.7253658399392744,0.0,1.0,0.0,0.0,1.0
1.5882913846865512,0.044462036742231634,-0.45399629404328795,-0.7906153994446548,-0.7074996862461888,1.0,0.0,0.0,0.0,1.0
1.5917554880337412,1.287643985127004,-0.45399629404328795,-0.7906153994446548,-0.7074996862461888,0.0,1.0,0.0,1.0,0.0
1.595219591380931,0.8488738856970843,1.3125262508722302,-0.685122651503544,-0.45737353454299073,0.0,1.0,1.0,0.0,0.0
1.5986836947281209,0.19071873655220484,-0.45399629404328795,-0.7906153994446548,-0.7074996862461888,0.0,1.0,0.0,1.0,0.0
1.6021477980753107,0.9951305855070576,-1.337257566501047,-0.685122651503544,-0.7253658399392744,1.0,0.0,1.0,0.0,0.0
1.6056119014225005,-1.2718482615475273,0.4292649784144711,0.6335366977603409,0.7932572239729995,0.0,1.0,0.0,1.0,0.0
1.6090760047696904,-1.4181049613575005,1.3125262508722302,-0.685122651503544,-0.45737353454299073,0.0,1.0,0.0,1.0,0.0
1.6125401081168802,1.3607723350319905,-0.45399629404328795,1.6884641771714488,0.9719187609038553,0.0,1.0,0.0,0.0,1.0
1.6160042114640703,1.5070290348419637,-1.337257566501047,-0.8169885864299324,-0.7700312241719883,0.0,1.0,1.0,0.0,0.0
1.61946831481126,0.48323213617215127,0.4292649784144711,0.6335366977603409,0.7932572239729995,1.0,0.0,0.0,1.0,0.0
1.62293241815845,-0.10179466306774158,0.4292649784144711,0.6335366977603409,0.7932572239729995,1.0,0.0,0.0,1.0,0.0
1.6263965215056397,1.287643985127004,1.3125262508722302,1.6884641771714488,2.758534130212413,0.0,1.0,0.0,0.0,1.0
1.6298606248528296,-1.0524632118325674,1.3125262508722302,-0.685122651503544,-0.45737353454299073,1.0,0.0,0.0,0.0,1.0
1.6333247282000194,0.5563604860771378,1.3125262508722302,-0.8169885864299324,-0.6360350714738464,0.0,1.0,1.0,0.0,0.0
1.6367888315472092,1.3607723350319905,-1.337257566501047,-0.685122651503544,-0.7253658399392744,0.0,1.0,0.0,1.0,0.0
1.6402529348943993,0.41010378626716465,-1.337257566501047,-0.7906153994446548,-0.7610981473254455,0.0,1.0,1.0,0.0,0.0
1.643717038241589,1.0682589354120442,1.3125262508722302,-0.685122651503544,-0.45737353454299073,1.0,0.0,0.0,1.0,0.0
1.647181141588779,0.48323213617215127,-0.45399629404328795,0.6335366977603409,0.25727261318043226,1.0,0.0,1.0,0.0,0.0
1.6506452449359688,-0.4674364125926746,0.4292649784144711,-0.8169885864299324,-0.6807004557065603,1.0,0.0,0.0,0.0,1.0
1.6541093482831586,0.8488738856970843,0.4292649784144711,-0.685122651503544,-0.5467043030084185,1.0,0.0,0.0,1.0,0.0
1.6575734516303484,-1.6374900110724604,-1.337257566501047,-0.8169885864299324,-0.7700312241719883,1.0,0.0,1.0,0.0,0.0
1.6610375549775385,-0.759949812212621,0.4292649784144711,-0.8169885864299324,-0.6807004557065603,1.0,0.0,0.0,0.0,1.0
1.6645016583247283,-0.8330781621176077,-0.45399629404328795,-0.7906153994446548,-0.7074996862461888,1.0,0.0,0.0,0.0,1.0
1.6679657616719181,0.3369754363621781,0.4292649784144711,-0.7906153994446548,-0.653901225166932,1.0,0.0,1.0,0.0,0.0
1.671429865019108,-0.9062065120225943,-1.337257566501047,0.6335366977603409,-0.27871199761213494,1.0,0.0,0.0,1.0,0.0
1.6748939683662978,1.0682589354120442,-1.337257566501047,1.6884641771714488,0.07861107624957653,0.0,1.0,0.0,1.0,0.0
1.6783580717134876,-1.6374900110724604,-0.45399629404328795,-0.8169885864299324,-0.7253658399392744,1.0,0.0,0.0,0.0,1.0
1.6818221750606774,0.5563604860771378,-0.45399629404328795,1.6884641771714488,0.9719187609038553,1.0,0.0,0.0,1.0,0.0
1.6852862784078675,-0.8330781621176077,0.4292649784144711,0.6335366977603409,0.7932572239729995,1.0,0.0,0.0,1.0,0.0
1.6887503817550573,1.5801573847469503,0.4292649784144711,-0.8169885864299324,-0.6807004557065603,1.0,0.0,0.0,1.0,0.0
1.6922144851022471,0.19071873655220484,-1.337257566501047,-0.8169885864299324,-0.7700312241719883,1.0,0.0,0.0,0.0,1.0
1.695678588449437,1.2145156352220174,-0.45399629404328795,1.6884641771714488,0.9719187609038553,1.0,0.0,1.0,0.0,0.0
1.6991426917966268,-0.5405647624976612,-0.45399629404328795,-0.685122651503544,-0.6360350714738464,1.0,0.0,0.0,1.0,0.0
1.7026067951438166,1.1413872853170308,-0.45399629404328795,-0.7906153994446548,-0.7074996862461888,1.0,0.0,0.0,0.0,1.0
1.7060708984910065,0.48323213617215127,0.4292649784144711,-0.685122651503544,-0.5467043030084185,1.0,0.0,0.0,0.0,1.0
1.7095350018381965,0.7026171858871111,-0.45399629404328795,1.6884641771714488,0.9719187609038553,1.0,0.0,1.0,0.0,0.0
1.7129991051853863,-0.02866631316275497,-1.337257566501047,-0.7906153994446548,-0.7610981473254455,1.0,0.0,0.0,1.0,0.0
1.7164632085325762,1.5070290348419637,-1.337257566501047,-0.685122651503544,-0.7253658399392744,0.0,1.0,0.0,1.0,0.0
1.719927311879766,0.7757455357920977,0.4292649784144711,-0.7906153994446548,-0.653901225166932,0.0,1.0,1.0,0.0,0.0
1.7233914152269558,-1.344976611452514,1.3125262508722302,-0.8169885864299324,-0.6360350714738464,1.0,0.0,1.0,0.0,0.0
1.7268555185741457,-0.39430806268768803,0.4292649784144711,-0.685122651503544,-0.5467043030084185,1.0,0.0,0.0,0.0,1.0
1.7303196219213355,0.41010378626716465,1.3125262508722302,-0.7906153994446548,-0.6003027640876754,0.0,1.0,0.0,0.0,1.0
